,District,Village,pH,EC,TDS,TH,Alkalinity,Calcium,Magnesium,Sodium,Potassium,Bicarbonate,Chloride,Sulphate,Fluoride,Latitude (N),Longitude(E),Elavation(M)
0,Angul,Chauliakata,7.22,210,105,85,60,22,7,5,4.2,73,21,10,0.27,,,
1,Angul,Godibandha,7.54,310,157,100,85,20,12,21,4.8,104,43,5,0.12,,,
2,Angul,Samal,8.08,580,282,125,200,20,18,72,3.5,244,21,28,1.52,,,
3,Angul,Sipur,8.25,390,191,150,145,34,16,16,5.7,177,30,3,0.31,,,
4,Angul,Khamar-1,7.64,460,234,165,125,42,15,26,5,153,71,0,0.15,,,
5,Angul,Srirampur,7.88,390,196,160,105,36,17,15,1.2,128,60,4,0.27,,,
6,Angul,Pallahara,7.99,480,244,145,110,34,15,41,1.8,134,72,15,0.11,,,
7,Angul,Jamardihi,7.62,90,43,40,25,10,4,1,0.7,31,10,2,0.13,,,
8,Angul,Sendhogram,7.81,820,428,200,245,24,34,95,2.2,299,82,44,1.59,,,
9,Angul,Bhogabereni,7.42,2440,1292,515,425,78,78,312,20.6,519,363,186,0.94,,,
10,Angul,Balanda,7.98,660,357,245,125,66,19,35,5.1,153,43,113,0.23,,,
11,Angul,Singhda,7.98,780,456,145,165,32,16,98,21.6,201,118,72,0.3,,,
12,Angul,Ghantapada,8.24,590,331,205,170,60,13,39,2.1,207,67,48,0.34,,,
13,Angul,Talcher1,8.01,620,345,240,90,42,33,30,1.2,110,72,113,0.18,,,
14,Angul,Tentulai,7.91,1680,830,565,450,50,107,125,1.3,549,222,56,1.11,,,
15,Angul,Kukurang,8.28,1730,906,235,390,24,43,288,1.9,476,174,142,3.94,,,
16,Angul,Kuio,7.64,1510,733,545,330,70,90,92,5,403,233,46,1.33,,,
17,Angul,Kumunda 1,7.91,710,367,210,130,38,28,63,2.8,159,82,75,0.64,,,
18,Angul,Chendipada1,7.89,580,281,200,175,28,32,40,1.8,214,48,27,1.54,,,
19,Angul,Bagharia,7.57,1070,571,330,175,60,44,90,4.3,214,192,76,0.4,,,
20,Angul,Sanasantrabandha,7.52,800,435,300,75,68,32,41,5.8,92,187,57,0.84,,,
21,Angul,Kosala1,7.91,710,356,275,120,72,23,33,3.3,146,122,31,0.35,,,
22,Angul,Nisa,7.76,800,410,235,110,42,32,73,4.7,134,165,28,0.34,,,
23,Angul,Paranga,8.27,680,319,190,270,18,35,66,4.9,329,22,12,0.82,,,
24,Angul,Kulad,7.53,2880,1505,900,350,140,134,244,5.2,427,758,15,1.48,,,
25,Angul,Tulsipal,7.89,180,96,85,60,18,10,1,1.8,73,20,10,0.38,,,
26,Angul,Amna,8.21,680,321,205,300,20,38,60,2.8,366,8,13,1.33,,,
27,Angul,Banarpal1,8.07,1340,714,240,400,26,43,194,5.3,488,176,31,0.84,,,
28,Angul,Tubey,7.84,600,298,210,185,28,34,40,1.3,226,72,12,0.36,,,
29,Angul,Ugi,7.68,440,219,140,190,30,16,32,4.7,232,15,8,0.44,,,
30,Angul,Jharpada,8.04,1590,823,385,420,20,81,179,12.8,512,238,41,1.13,,,
31,Angul,Thakurgarh 1,7.87,910,438,263,284,53,32,86,1,346,89,39,0.89,,,
32,Angul,Athamallik 2,7.94,460,238,141,144,45,7,35,7,176,42,22,0.35,,,
33,Angul,Tileswar,8.16,470,198,197,189,36,26,15,0.7,231,20,13,0.4,,,
34,Angul,Bamur,7.8,470,204,187,154,30,27,20,1.1,188,42,18,0.97,,,
35,Angul,Handpa,7.96,410,198,146,129,36,14,26,1.7,158,37,20,0.38,,,
36,Angul,Durgapur 1,7.84,1190,610,500,340,94,64,42,2.2,415,158,46,0.67,,,
37,Angul,Panchmahala,8.04,1200,635,270,285,24,51,150,1.3,348,182,56,1.36,,,
38,Angul,Angul1,7.73,980,506,330,205,60,44,72,0.8,250,184,23,0.55,,,
39,Angul,Jagannathpur,7.62,570,277,225,195,36,33,22,5.8,238,56,8,0.18,,,
40,Angul,Purnakot,8.19,400,190,195,175,24,33,1,1.3,214,22,4,0.51,,,
41,Angul,Tikarpara,8.08,400,194,190,140,36,24,1,4.7,171,36,8,0.29,,,
42,Angul,Bantala,8.25,900,421,240,325,14,50,94,3.6,397,54,11,2.09,,,
43,Angul,Barhabahal,8.22,2210,1134,550,750,40,109,251,4.1,915,223,58,2.91,,,
44,Angul,Mahidhrapur,7.69,830,419,305,220,40,50,49,1.8,268,103,44,0.31,,,
45,Balangir,Agalpur,8.39,890,467,229,195,60,19,77,30.9,214,108,55,0.33,,,
46,Balangir,Ampali(Rampur Ampali),8.28,410,227,114,78,30,10,28,17.9,95,68,27,0.4,,,
47,Balangir,Atgan,8.25,460,241,139,102,32,15,27,21.9,125,58,26,0.38,,,
48,Balangir,Bairasar,7.9,1480,761,483,122,100,57,111,3.2,149,337,79,0.55,,,
49,Balangir,Balukunda,8.5,640,296,199,249,32,29,54,0.7,280,30,1,1.27,,,
50,Balangir,Bandupalla,8.2,1240,619,373,195,48,62,107,0.9,238,174,110,2.01,,,
51,Balangir,Banjari,8.32,620,298,224,185,30,36,26,17.2,208,55,22,0.68,,,
52,Balangir,Banjipali,8.45,500,220,219,205,42,28,11,0.7,238,15,1,1.55,,,
53,Balangir,balgaon,8.35,450,204,194,171,34,27,12,0.6,184,25,3,1.06,,,
54,Balangir,Belpara,8.24,600,291,214,219,40,28,40,1.1,268,20,30,1.51,,,
55,Balangir,Bijakhaman,8.02,980,468,423,146,64,64,21,5.8,178,156,70,0.62,,,
56,Balangir,Bolangir-ii,8.41,1150,611,204,278,30,32,165,0.9,303,136,81,1.71,,,
57,Balangir,Bongamunda,8.21,270,132,85,98,24,6,14,3.5,119,13,14,0.41,,,
58,Balangir,Chhatamakna,7.4,520,250,194,229,50,17,22,6.5,280,20,-3,0.8,,,
59,Balangir,Chormara,8.17,450,218,149,132,30,20,23,11,161,38,18,0.43,,,
60,Balangir,Chudapali,8.45,850,444,274,215,72,23,56,20.5,238,96,48,0.51,,,
61,Balangir,Dhamandanga,8.45,890,462,244,185,56,26,65,33.2,196,96,75,0.37,,,
62,Balangir,Dhumabata,8.44,950,494,274,185,50,36,65,39.4,48,106,86,0.32,,,
63,Balangir,Dhumamara,8.31,1040,566,174,229,30,24,132,34.9,262,149,59,0.33,,,
64,Balangir,Dudokasar,8.1,1570,789,358,137,70,45,161,26.4,167,322,82,0.27,,,
65,Balangir,Duduka,8.23,1690,913,328,141,48,51,175,73,172,398,84,0.29,,,
66,Balangir,Dulusara,8.3,490,262,124,98,44,4,36,14.4,119,68,38,0.49,,,
67,Balangir,Dumabata,7.77,480,254,149,88,28,19,28,20.4,107,65,40,0.34,,,
68,Balangir,Dumalpada,7.49,440,236,124,102,32,11,31,21.3,125,48,32,0.3,,,
69,Balangir,Dumerbahal,8,890,436,313,195,44,50,55,2.4,238,126,42,0.81,,,
70,Balangir,Fasad,8.23,870,438,323,132,56,45,40,14.3,161,138,65,0.41,,,
71,Balangir,Fatamunda,8.43,670,325,254,161,38,39,35,0.9,172,86,30,0.66,,,
72,Balangir,Fattamunda,7.96,420,196,164,141,34,19,20,0.9,172,33,5,0.57,,,
73,Balangir,Gaintala,8.12,1010,528,328,122,70,38,71,15.3,149,186,75,0.52,,,
74,Balangir,Gudighat,8.26,910,458,274,293,50,36,81,2.4,357,78,35,0.91,,,
75,Balangir,Haldi,8.24,1430,803,264,312,50,34,98,180.6,381,191,62,0.31,,,
76,Balangir,Harbhanga,8.26,410,193,169,141,42,16,14,1.3,172,30,5,0.44,,,
77,Balangir,Harisankar,8.39,500,236,169,195,28,24,37,1.5,220,25,4,0.82,,,
78,Balangir,Ichgaon,8.24,440,211,184,146,54,12,14,1.4,178,35,7,0.49,,,
79,Balangir,Jagua,8.19,510,232,179,190,28,27,31,2.6,232,25,4,0.83,,,
80,Balangir,Jamut,8.06,1680,1035,269,258,44,39,191,256,315,277,74,0.46,,,
81,Balangir,Jhankarpali,8.23,470,232,164,161,44,13,31,1.1,196,40,6,0.53,,,
82,Balangir,Jogisarda,8.22,360,209,119,151,54,-4,31,1,184,33,4,0.65,,,
83,Balangir,Jorpada,8.09,440,203,174,166,36,21,18,1.9,202,23,5,0.91,,,
84,Balangir,Jugimunda,8.37,730,349,204,249,34,29,56,3.6,285,73,4,2.41,,,
85,Balangir,Kacherpalli(Deogaon),8.06,630,300,219,176,44,27,38,0.8,214,53,32,1.66,,,
86,Balangir,Kantabanjhi,8.1,620,288,184,239,26,29,54,3.1,291,25,8,2.49,,,
87,Balasore,Ayodhya,8.59,950,529,188,204,61,9,66,100,226,117,65,0.28,,,
88,Balasore,Baband,8.25,920,464,233,181,30,39,82,24.7,221,163,55,0.39,,,
89,Balasore,Bagudi,8.3,580,292,198,147,28,32,35,5.8,180,78,17,0.56,,,
90,Balasore,Bankisul,8.4,1010,604,238,276,32,39,83,101,325,148,25,0.66,,,
91,Balasore,Basta,8.02,1150,618,366,90,40,66,75,45,110,304,35,0.31,,,
92,Balasore,Bhagabondh,8.3,850,420,223,195,48,26,61,51,238,117,35,0.27,,,
93,Balasore,Bhalukasuni,8.01,75,81,35,29,10,2,15,0.5,35,27,0,0.16,,,
94,Balasore,Kantiatikar,8.3,620,313,153,176,30,19,62,7.5,215,85,9,0.57,,,
95,Balasore,Gadasahi,8.46,350,239,149,143,20,24,16,5.1,163,24,4,0.38,,,
96,Balasore,Govindpur,7.68,400,198,153,90,36,16,18,3.1,110,36,65,0.32,,,
97,Balasore,Jodibali,8.46,750,344,188,143,38,23,45,18.5,157,109,35,0.24,,,
98,Balasore,Jamsuli,8.59,610,381,158,252,26,23,73,25.2,285,51,25,0.53,,,
99,Balasore,Kansa-1,8.3,700,376,233,119,63,18,50,21.3,145,136,32,0.2,,,
100,Balasore,Kuligaon,8.4,690,372,262,181,44,38,46,16.8,192,114,17,0.86,,,
101,Balasore,Kunchibenia,7.74,190,98,79,33,24,5,3,0.9,41,34,5,0.16,,,
102,Balasore,Kupari,8.54,350,214,163,157,44,13,23,3.2,157,29,11,0.35,,,
103,Balasore,Matiali,8.11,210,104,99,43,28,7,4,1.5,52,36,8,0.15,,,
104,Balasore,Mitrapur,8.03,100,73,45,33,12,4,10,1.1,41,24,2,0.12,,,
105,Balasore,Nilagiri,8.2,1150,637,238,233,54,26,101,94.5,285,221,1,0.28,,,
106,Balasore,Raibania,7.94,180,145,64,24,14,7,14,1,29,49,1,0.13,,,
107,Balasore,Remuna,8.61,950,556,312,261,89,22,47,86.4,273,131,45,0.2,,,
108,Balasore,Siadimal,8.38,890,652,272,266,61,29,73,73.6,296,151,24,0.66,,,
109,Balasore,Khaira,8.51,1100,576,203,257,44,23,100,125,267,126,105,0.43,,,
110,Balasore,Bhula,7.7,330,178,99,38,24,10,30,2.3,46,83,4,0.15,,,
111,Balasore,Tikpada,7.81,100,99,54,29,20,1,2,0.8,35,17,7,0.14,,,
112,Balasore,Sunhat,8.56,650,303,243,195,77,12,27,15.1,209,56,41,0.19,,,
113,Bargarh,Attabira 1,7.12,3470,1914,490,322,154,24,505,50,393,986,2,1.13,,,
114,Bargarh,Baghapalli,7.3,1470,704,431,238,67,64,106,5,290,246,74,1.22,,,
115,Bargarh,Bargarh 1,7.19,1350,671,353,252,98,26,107,3,308,220,66,0.74,,,
116,Bargarh,Batetarma,7.22,600,318,127,79,42,5,67,14,97,101,42,0.23,,,
117,Bargarh,Bhatli 1,7.03,680,328,196,149,54,15,52,6,181,75,37,0.29,,,
118,Bargarh,Bheden 1,7.05,1220,611,446,144,115,38,59,2,175,264,48,0.73,,,
119,Bargarh,Bhukta,7.38,650,331,201,168,36,27,47,7,205,80,33,0.67,,,
120,Bargarh,Bijepur 1,7.57,430,201,93,149,17,12,53,1,181,23,7,1.1,,,
121,Bargarh,Boipur,7.26,390,194,147,119,35,15,18,3,145,23,29,0.34,,,
122,Bargarh,Bugbugi,7.1,580,277,240,203,69,16,8,8,248,54,0,0.38,,,
123,Bargarh,Burda,7.07,490,246,152,163,36,15,43,0,199,34,21,0.38,,,
124,Bargarh,Burdapali,7.43,1500,663,309,327,48,46,150,11,399,207,5,1.79,,,
125,Bargarh,Chadheigaon,7.34,480,228,157,153,46,10,31,1,187,49,0,0.55,,,
126,Bargarh,Chaklifarm,7.45,290,150,118,109,36,6,12,2,133,18,10,0.36,,,
127,Bargarh,Chuchinda,7.28,470,225,176,163,60,6,17,9,199,26,9,0.32,,,
128,Bargarh,Dang,7.38,630,319,157,144,36,16,67,1,175,67,46,0.82,,,
129,Bargarh,Dumal Pali,7.55,540,269,167,144,44,13,38,1,175,72,15,0.48,,,
130,Bargarh,Dungri,7.15,450,212,176,168,42,17,18,5,205,21,9,0.44,,,
131,Bargarh,Gaisilet3,7.36,2880,1482,549,248,54,102,403,3,302,675,97,0.8,,,
132,Bargarh,Ghens,7.84,1770,927,407,248,54,67,203,25,302,355,76,0.64,,,
133,Bargarh,Gondtarum,8.14,410,194,123,124,29,12,31,5,151,26,17,0.38,,,
134,Bargarh,Gorbhaga,7.98,250,125,103,104,38,1,9,1,127,8,5,0.43,,,
135,Bargarh,Grinjal,7.87,2310,1229,304,297,42,49,220,229,362,424,88,0.82,,,
136,Bargarh,Jagalpet,7.78,1760,816,446,262,88,55,135,31,320,261,88,3.54,,,
137,Bargarh,Jamurda,7.34,420,221,132,129,40,7,31,10,157,26,30,0.33,,,
138,Bargarh,Kalapani,7.31,560,292,147,178,31,17,46,26,217,31,36,0.31,,,
139,Bargarh,Kantabahal,7.73,1000,473,279,272,38,45,96,1,332,98,33,0.62,,,
140,Bargarh,Karla,7.54,230,99,69,50,23,2,13,0,60,28,3,0.25,,,
141,Bargarh,Kharmanda,7.01,1980,901,544,257,152,39,146,2,314,329,79,0.28,,,
142,Bargarh,Kharmanda,7.53,1740,967,319,248,56,44,81,256,302,290,92,0.32,,,
143,Bargarh,Kharmanda,7.75,1180,559,314,213,67,35,98,11,260,153,67,3.08,,,
144,Bargarh,Khuntapali,7.74,930,520,167,213,42,15,96,72,260,98,70,1,,,
145,Bargarh,Khutlipalli,7.31,870,461,230,158,73,11,91,6,193,148,38,0.38,,,
146,Bargarh,kulunda,7.35,560,302,152,149,38,13,53,19,181,54,36,0.34,,,
147,Bargarh,kumbhari,7.29,970,478,304,163,63,35,72,3,199,132,75,0.54,,,
148,Bargarh,kuruan,7.56,490,279,157,188,38,15,45,17,229,36,16,0.46,,,
149,Bargarh,Kusanpur,7.45,270,877,466,153,111,45,171,4,187,375,80,0.61,,,
150,Bargarh,kumelsingha,7.61,430,173,137,104,33,13,15,3,127,23,24,0.38,,,
151,Bargarh,Kodabahal 2,7.62,250,134,98,84,27,7,15,2,103,21,11,0.27,,,
152,Bargarh,Lakhanpur,7.51,330,195,83,109,25,5,32,22,133,36,11,0.3,,,
153,Bargarh,Larambha,7.47,310,195,98,114,23,10,39,4,139,26,24,0.18,,,
154,Bargarh,Lastala,7.43,590,346,152,178,42,11,82,3,217,65,37,0.51,,,
155,Bargarh,Lenda,7.68,890,443,162,262,25,24,125,1,320,62,49,0.9,,,
156,Bargarh,Patrapalli,7.66,930,506,270,173,40,41,100,6,211,142,74,0.49,,,
157,Bargarh,Puturipali,7.71,330,171,108,109,31,7,21,8,133,21,18,0.41,,,
158,Bargarh,Purrakhai,7.57,980,570,172,183,36,19,104,85,223,148,68,0.28,,,
159,Bargarh,Remada,7.53,560,330,176,183,50,12,63,6,223,47,43,0.9,,,
160,Bargarh,Remenda,7.49,640,286,157,144,33,18,57,4,175,60,29,0.48,,,
161,Bargarh,Rengalpali,7.48,310,149,108,114,33,6,20,1,139,16,5,0.36,,,
162,Bargarh,Resham,7.48,1060,503,284,149,54,36,93,5,181,192,34,0.65,,,
163,Bargarh,Rusuda,7.64,720,358,176,238,23,29,85,2,290,41,36,1.21,,,
164,Bargarh,Sarala,7.65,710,367,152,203,33,17,88,12,248,60,36,0.32,,,
165,Bargarh,Satlama,7.74,260,141,88,84,23,7,25,1,103,26,8,0.66,,,
166,Bargarh,Shukutapali,7.19,1860,971,598,158,121,72,149,12,193,409,114,0.28,,,
167,Bargarh,Sikirdi,7.64,280,141,88,94,25,6,18,2,115,18,16,0.33,,,
168,Bargarh,Sulsulia,7.58,850,536,402,218,69,56,62,2,266,127,90,0.27,,,
169,Bargarh,Sunajuri Tukuria,7.73,580,340,118,163,36,6,95,1,199,70,34,0.21,,,
170,Bargarh,Sarandapali,7.58,1460,750,559,183,138,51,79,7,223,311,56,0.45,,,
171,Bargarh,Thuapali1,7.84,520,260,172,153,48,12,40,4,187,57,8,0.28,,,
172,Bargarh,Tora,7.32,460,288,118,124,33,9,69,1,151,57,45,0.48,,,
173,Bargarh,Uttam,7.15,780,484,245,282,54,27,68,56,344,75,35,0.42,,,
174,Bargarh,Hirapur,8.01,730,373,197,337,32,29,73,2.3,411,24,11,0.87,,,
175,Bargarh,Jamset,8,990,484,315,337,37,55,62,6.6,411,95,26,0.41,,,
176,Bargarh,Majhipali,7.98,1940,990,571,351,110,73,142,62.3,429,318,74,0.4,,,
177,Bargarh,Malada,8.24,1450,735,483,351,128,40,99,0.7,429,202,55,0.27,,,
178,Bargarh,Mithapali,8.24,730,362,153,337,26,22,85,0.9,411,17,10,0.9,,,
179,Bargarh,Purena,8.11,1050,509,315,406,41,52,75,9.2,495,71,18,0.47,,,
180,Bargarh,Nrusinghanath,7.95,910,418,360,262,45,61,34,2.8,320,93,26,0.34,,,
181,Bhadrak,Adasasan,8.09,365,295,114,105,32,9,21,1.6,128,49,2,0.42,,,
182,Bhadrak,Agarpada,8.29,1400,726,292,257,48,43,100,154,314,219,120,0.08,,,
183,Bhadrak,Bagdavinayakpur,8.03,400,212,163,95,44,13,19,0.5,116,68,8,0.62,,,
184,Bhadrak,Balipatna,8.3,290,165,119,100,38,6,20,0.3,122,41,10,0.72,,,
185,Bhadrak,Benipur,8.26,275,233,104,90,36,4,20,0.1,110,41,0,0.57,,,
186,Bhadrak,Bentola,8.62,1285,799,243,323,65,19,71,206.8,377,148,78,0.1,,,
187,Bhadrak,Betaligaon,8.44,750,363,134,67,26,17,100,4.5,70,155,95,0.18,,,
188,Bhadrak,Bhagavanpur,8.41,370,249,139,124,40,10,20,3.8,139,36,20,0.27,,,
189,Bhadrak,Bidanpur,8.49,710,419,163,166,46,12,83,23.9,186,109,65,0.23,,,
190,Bhadrak,Durgapur,8.5,1006,572,213,290,54,19,77,97.8,337,148,45,0.19,,,
191,Bhadrak,Jasotikiri,8.24,438,325,153,86,32,18,20,10.5,105,83,2,0.73,,,
192,Bhadrak,Kothar-3,8.5,1450,751,366,323,69,47,100,100.9,377,233,110,0.11,,,
193,Bhadrak,Rambhila,8.29,480,239,163,119,20,28,20,9.3,145,66,8,0.45,,,
194,Bhadrak,Randia,8.29,500,386,104,171,22,12,56,10.2,209,39,25,0.45,,,
195,Bhadrak,Tihidi,8.42,2150,1039,431,261,44,79,225,32.9,308,432,145,0.26,,,
196,Bhadrak,Dhamnagar,8.51,1190,553,371,280,38,68,101,4.6,319,155,70,1.57,,,
197,Bhadrak,Dhobal,8.25,850,400,238,157,30,40,62,15.2,192,155,20,0.94,,,
198,Bhadrak,ManjuriRoad,8.3,400,221,134,105,46,5,20,5.9,128,56,4,0.29,,,
199,Bhadrak,Kenduapada,7.74,5770,2766,1723,81,276,254,305,4,99,1753,25,0.14,,,
200,Bhadrak,Rambhila,8.6,1690,852,376,409,91,36,94,196,482,170,125,0.2,,,
201,Bhadrak,Sabrang,8.44,450,267,163,157,26,24,21,8.2,180,29,20,0.89,,,
202,Boudh,Adenegarh,7.83,340,167,130,138,30,13,17,0.8,168,19,5,0.19,,,
203,Boudh,Anlapali,7.49,1110,604,375,223,94,34,81,1.4,272,154,106,0.2,,,
204,Boudh,Auinla Chua Chhak,7.79,310,163,115,102,34,7,16,0.8,124,26,18,0.29,,,
205,Boudh,Baghiapada,7.6,670,316,290,295,42,45,20,0.6,360,19,12,0.68,,,
206,Boudh,Bala Singha,7.87,1300,717,410,376,114,30,62,79.6,459,116,90,0.25,,,
207,Boudh,Bodigaon,8.05,540,265,190,228,36,24,35,0.8,278,19,13,0.95,,,
208,Boudh,Boudh,7.62,1450,728,435,362,56,72,131,3.8,442,143,105,0.54,,,
209,Boudh,Bruhaspatipur,7.94,890,425,340,377,54,50,45,2.1,460,33,15,0.91,,,
210,Boudh,Butupalli,7.9,420,219,135,168,40,9,34,0.7,205,21,13,0.98,,,
211,Boudh,Dahya,7.72,490,253,185,179,50,15,20,9.8,218,33,18,0.28,,,
212,Boudh,Dholpur,7.75,1400,701,420,332,50,72,126,3.7,405,190,60,0.49,,,
213,Boudh,Erada,7.74,990,482,290,291,42,45,92,0.4,355,83,44,1.4,,,
214,Boudh,Gaundhisar,8.03,760,354,340,342,46,55,16,1.1,417,14,16,1.3,,,
215,Boudh,Gohipita,7.84,1250,669,390,326,112,27,60,80,398,140,55,0.29,,,
216,Boudh,Gudveli Padar,8.05,490,240,195,209,50,17,22,1.4,255,10,14,1.1,,,
217,Boudh,Gundulia,7.7,860,429,350,280,62,47,33,5.3,342,74,40,0.48,,,
218,Boudh,Harbhanga,7.64,1350,698,410,342,56,66,119,3.5,417,188,61,0.52,,,
219,Boudh,Harekrishnapur,8.2,770,336,345,311,50,53,16,1.5,379,17,12,1.2,,,
220,Boudh,Jahnapanka,7.86,520,275,200,158,66,9,20,9.9,193,55,20,0.29,,,
221,Boudh,Kamira,7.91,1080,542,335,393,44,55,92,0.8,480,59,55,1.4,,,
222,Boudh,Kantamal,7.88,380,189,150,147,38,13,16,0.8,179,17,16,0.34,,,
223,Boudh,Karoda Kotha,7.79,300,143,110,121,20,15,17,0.8,148,17,0,0.2,,,
224,Boudh,Khajuripada,7.82,1430,665,680,323,24,151,15,1.7,394,221,58,0.83,,,
225,Boudh,Khatkhatia,7.88,1190,648,525,332,150,36,25,11.7,405,147,80,0.34,,,
226,Boudh,Landibandh,8.02,1160,573,540,282,48,102,16,1.3,344,173,64,0.14,,,
227,Boudh,Laxmanpur,7.84,690,352,335,321,92,26,4,1,392,29,8,0.19,,,
228,Boudh,Lumurijena,7.69,390,193,185,126,56,11,2,1.5,154,38,9,0.43,,,
229,Boudh,Lunibahal,8.07,670,306,320,290,52,46,4,2,354,17,10,1.26,,,
230,Boudh,Maheswarpinda,8.21,1070,600,395,286,88,43,11,89.4,349,143,54,0.28,,,
231,Boudh,Manamunda,8.03,290,153,130,94,44,5,4,1.3,115,24,18,0.32,,,
232,Boudh,Nuapada 1,8.22,590,259,280,237,30,50,4,1.8,289,19,11,1.2,,,
233,Boudh,Nuapali,8.17,440,226,195,145,50,17,5,10.5,177,36,20,0.29,,,
234,Boudh,Palasaguda 1,7.6,1560,831,710,158,178,64,25,11.3,193,382,76,0.27,,,
235,Boudh,Poulam 2,8.14,460,235,200,158,48,19,5,11.8,193,33,23,0.29,,,
236,Boudh,Purunakatak,7.91,1100,542,510,248,60,87,16,1,303,166,63,0.13,,,
237,Boudh,Radha Nagar,7.8,700,355,325,168,46,51,9,1.6,205,114,33,0.4,,,
238,Boudh,Rambhikata,8.16,920,456,430,245,84,53,11,2.7,299,128,30,0.37,,,
239,Boudh,Sahajpal,7.61,1310,707,585,143,124,67,25,11.2,174,320,74,0.27,,,
240,Boudh,Sangrampur,8.03,1530,823,690,260,206,43,27,12,317,310,69,0.3,,,
241,Boudh,Sarsara,8.09,1060,511,490,321,44,92,16,1,392,113,53,0.14,,,
242,Boudh,Sarta-Guda,8.28,660,321,305,275,76,28,9,2.1,336,26,14,0.86,,,
243,Boudh,Singarichhak,8.3,430,216,205,199,46,22,4,1,243,12,11,1.14,,,
244,Boudh,Tilesar 1,8.08,1250,619,585,352,94,85,16,1,429,150,63,0.16,,,
245,Boudh,Udaypyr,8.27,700,340,325,311,66,39,9,2.4,379,26,11,0.88,,,
246,Boudh,Usbelika,7.94,460,223,220,164,54,21,2,1.4,200,36,10,0.47,,,
247,Boudh,Usbelika,7.88,710,329,330,173,50,50,6,5.5,211,78,36,0.44,,,
248,Boudh,Banigochha,7.89,580,268,275,188,56,33,5,1,230,48,12,0.23,,,
249,Cuttack,Megha,7.32,535,290,230,125,52,24,20,0.1,153,80,39,0.33,,,
250,Cuttack,Rajnagar,8.02,60,47,50,40,6,9,0,0.1,49,5,3,0.09,,,
251,Cuttack,Radha Gobindapur,7.16,80,42,40,35,10,4,0,0.1,43,2,5,0.1,,,
252,Cuttack,Athagarh-1,7.48,87,61,65,20,10,10,0,0.1,24,27,2,0.14,,,
253,Cuttack,Tigiria,7.74,950,508,310,150,86,23,78,0.7,183,200,31,0.38,,,
254,Cuttack,Abhimanpur,7.88,1460,722,530,250,114,60,78,16.3,305,272,33,0.44,,,
255,Cuttack,Karadibandh,8.08,1040,565,385,290,76,47,74,5.3,354,162,27,0.66,,,
256,Cuttack,Gopapur,8.01,576,334,220,210,34,33,54,0.1,256,82,6,0.47,,,
257,Cuttack,Balijhari 1,7.88,1390,694,355,280,100,26,130,0.1,342,235,36,0.25,,,
258,Cuttack,Kanapur,7.46,1451,716,550,385,130,55,69,0.1,470,200,32,0.31,,,
259,Cuttack,Narsingpur,7.57,995,609,305,480,60,38,135,5.9,586,57,26,1.28,,,
260,Cuttack,Saradapur,7.3,987,433,305,250,114,5,38,0.1,305,100,27,0.65,,,
261,Cuttack,Khuntuni,8.21,655,297,225,125,40,30,36,0.1,153,95,21,0.27,,,
262,Cuttack,Oranda,7.94,110,54,45,40,14,2,1,2.4,49,5,5,0.11,,,
263,Cuttack,Choudwar,7.57,284,123,105,40,26,10,1,5.3,49,40,17,0.13,,,
264,Cuttack,Shankarpur,8.2,426,233,230,180,50,26,3,0.8,220,25,21,0.17,,,
265,Cuttack,Banki 1,7.83,670,337,275,245,86,15,27,0.9,299,60,2,0.42,,,
266,Cuttack,Khannagar,6.54,500,254,179,100,48,15,30,5.5,122,79,17,0.07,,,
267,Cuttack,Bidanas 1,6.46,530,259,195,182,58,12,23,12.3,223,43,2,0.37,,,
268,Cuttack,Sekh bazar,6.73,230,119,110,91,22,13,7,2.1,111,17,3,0.23,,,
269,Cuttack,Bose campus,6.77,290,136,119,115,26,13,9,1.4,141,17,0,0.22,,,
270,Cuttack,Sikharpur,6.5,220,116,90,62,20,10,8,4.4,76,17,19,0.21,,,
271,Cuttack,Mahabhadia bazar,6.75,840,444,280,221,68,27,30,57,269,79,51,1.3,,,
272,Cuttack,Chandi temple,7.27,940,464,323,326,74,34,43,41,398,60,18,0.04,,,
273,Cuttack,Buxi bazar,7.32,200,100,75,72,20,6,9,3.2,88,15,4,0.29,,,
274,Cuttack,Fakirpur,6.92,510,248,164,211,24,25,43,0.1,258,27,2,0.16,,,
275,Cuttack,Sikharpur,7.44,910,454,308,307,64,36,40,48,375,72,10,0.13,,,
276,Cuttack,Bidhyadharpur,7.05,780,378,333,269,76,35,19,10.9,328,27,49,0.1,,,
277,Cuttack,Balikuda 2,6.93,620,308,239,182,54,25,32,2.8,223,50,35,0.12,,,
278,Cuttack,Jagatpur 2,7.03,660,351,275,145,80,18,21,8.5,177,53,84,0.12,,,
279,Cuttack,Manguli,7.24,1320,645,363,300,40,64,109,34.5,366,167,52,0.39,,,
280,Cuttack,Jagatpur 3,7.21,530,256,199,211,40,24,24,1.5,258,32,8,0.31,,,
281,Cuttack,Kharpuria 1,7.11,500,256,194,155,36,25,20,11,189,25,46,0.18,,,
282,Cuttack,Kharpuria 2,7.22,650,319,234,221,42,31,37,7.7,269,60,10,0.16,,,
283,Cuttack,Pithapur,7.37,750,374,249,221,60,24,41,27,269,69,20,0.1,,,
284,Cuttack,Khapuria 3,7.5,550,262,214,173,44,25,22,8,211,42,18,0.15,,,
285,Cuttack,Badambadi,7.21,410,193,159,134,30,21,16,6.2,164,32,8,0.17,,,
286,Cuttack,Chakuli,7.37,630,307,239,202,34,37,32,4.9,246,50,28,0.11,,,
287,Cuttack,Netaji nagar,7.25,450,223,164,139,34,19,22,10.5,170,42,12,0.2,,,
288,Cuttack,Anantpur,7,480,239,200,144,54,16,16,4,176,28,35,0.11,,,
289,Cuttack,Belasahi,7.09,1010,537,259,331,68,22,65,58,404,74,53,0.2,,,
290,Cuttack,Brahmanojarilo,7.19,230,118,70,58,22,4,20,0.8,70,32,5,0.06,,,
291,Cuttack,Choudwar,6.81,580,315,179,95,52,12,38,19.3,116,78,59,0.07,,,
292,Cuttack,Dimiri,6.82,290,142,100,101,26,8,19,3.6,123,25,0,0.16,,,
293,Cuttack,Gopalpur,6.82,560,277,230,158,56,22,17,9,193,55,23,0.13,,,
294,Cuttack,Jagatpur 1,7.06,530,270,189,202,64,7,19,9.2,246,25,26,0.14,,,
295,Cuttack,Kandarpur,7.14,560,266,204,216,48,21,32,6.9,264,30,0,0.22,,,
296,Cuttack,Kasarda,7.38,1440,727,383,403,66,53,101,36.5,492,181,49,0.05,,,
297,Cuttack,Kulia mkt,7.4,460,225,200,163,64,10,8,8,199,18,21,0.16,,,
298,Cuttack,Madhalo,7.24,1180,602,318,307,62,40,96,42.8,375,117,61,0.03,,,
299,Cuttack,Nachhipur,7.13,540,273,209,120,62,13,20,4.9,146,25,76,0.07,,,
300,Cuttack,Niali,6.93,500,271,154,110,34,17,35,16.1,135,50,54,0.04,,,
301,Cuttack,Nimpur,7.01,470,237,164,139,52,8,28,6.1,170,40,20,0.05,,,
302,Cuttack,Nischita koili,7.27,700,327,274,206,34,46,30,4,252,47,42,0.2,,,
303,Cuttack,Nuagarh,6.9,320,168,125,91,30,12,7,15.3,111,22,27,0.16,,,
304,Cuttack,Orti,7.29,550,247,215,190,26,37,26,1.1,232,35,9,0.28,,,
305,Cuttack,Pariamarpada,7.51,480,236,139,154,36,12,45,1.3,187,45,5,0.21,,,
306,Cuttack,Sankilo,7.75,610,290,219,185,22,40,39,0.4,226,43,36,0.32,,,
307,Cuttack,Sisua,7.4,620,284,224,226,36,33,37,3,275,32,9,0.18,,,
308,Cuttack,Telengapentha,7.3,510,265,154,154,48,8,33,10.4,187,50,24,0.12,,,
309,Deogarh,Deogarh,8.06,640,330,234,141,44,30,37,4.4,172,88,43,0.34,,,
310,Deogarh,Kalamati,8.31,500,235,209,146,42,26,13,2,167,38,26,0.28,,,
311,Deogarh,kalkat,8.3,430,197,174,180,30,24,16,3.1,208,13,3,0.29,,,
312,Deogarh,Purumunda,8.15,430,226,104,98,22,12,46,7.5,119,65,15,0.26,,,
313,Deogarh,Rengalbeda,8.36,830,442,109,219,20,15,132,1.9,250,93,48,2.11,,,
314,Deogarh,Riamal,8.22,1310,694,239,219,38,35,180,15.4,268,204,90,1.19,,,
315,Deogarh,Tarang,8.3,510,265,159,141,48,10,40,1.6,143,68,13,0.54,,,
316,Deogarh,Talimunda,8.52,420,196,174,151,40,18,15,2.6,155,28,2,0.43,,,
317,Dhenkanal,Hindol1,7.65,610,302,255,185,34,41,20,3.5,226,61,31,0.24,,,
318,Dhenkanal,Balmi,7.82,460,224,190,180,46,18,17,1,220,32,2,0.37,,,
319,Dhenkanal,Bhapur2,7.92,520,238,185,200,30,27,30,3.9,244,26,2,0.27,,,
320,Dhenkanal,Jhumpuria,7.66,580,298,235,180,22,44,20,8.2,220,59,38,0.29,,,
321,Dhenkanal,Rasol,7.6,1020,487,460,105,56,78,20,2.5,128,221,47,0.22,,,
322,Dhenkanal,Bhagabanpur,7.74,1350,735,450,195,28,92,100,2.8,238,290,105,0.43,,,
323,Dhenkanal,Babandh,7.86,1030,500,415,230,34,80,44,2.9,281,159,43,0.65,,,
324,Dhenkanal,Bompa,7.77,500,248,205,185,38,27,18,1.2,226,35,18,0.2,,,
325,Dhenkanal,Balrampur,7.92,290,140,110,115,28,10,13,2.8,140,15,2,0.24,,,
326,Dhenkanal,Bandhnuagaon,7.74,440,220,175,110,30,24,19,0.8,134,72,8,0.22,,,
327,Dhenkanal,Joranda,7.67,230,122,70,55,24,2,18,1.6,67,38,5,0.22,,,
328,Dhenkanal,Shyamchandrapur,7.81,370,177,140,105,26,18,20,1.2,128,32,17,0.21,,,
329,Dhenkanal,Kaimati,7.91,540,245,205,205,24,35,28,1.1,250,32,2,0.81,,,
330,Dhenkanal,Deogaon,8.23,450,231,175,205,38,19,20,3.9,250,20,7,0.99,,,
331,Dhenkanal,Gondia,7.73,550,273,220,145,32,34,20,6.2,177,72,22,0.44,,,
332,Dhenkanal,Sarangi,7.68,440,220,175,125,38,19,19,1.8,153,55,12,0.22,,,
333,Dhenkanal,Mandar,7.63,830,425,285,200,76,23,57,4.2,244,130,16,0.28,,,
334,Dhenkanal,Bhuban,7.76,510,267,210,210,62,13,20,1.2,256,32,13,1.6,,,
335,Dhenkanal,Samole,8.01,440,216,175,125,28,26,18,1.9,153,45,23,0.38,,,
336,Dhenkanal,Goda,7.64,160,80,65,60,20,4,5,3.2,73,10,3,0.18,,,
337,Dhenkanal,Mathakaragola,7.22,140,67,60,40,20,2,2,1.9,49,17,0,0.13,,,
338,Dhenkanal,Hatwari,7.58,630,306,275,240,56,33,16,2.8,293,43,12,0.23,,,
339,Dhenkanal,Kankadahad,7.95,400,197,135,130,26,17,28,0.8,159,43,5,0.8,,,
340,Dhenkanal,Muktaposi,7.86,1080,554,415,150,106,36,56,1.5,183,192,72,0.4,,,
341,Dhenkanal,Badajhara,7.75,540,253,220,120,42,28,20,1.6,146,78,12,0.5,,,
342,Dhenkanal,Parjang1,8.03,580,303,175,155,50,12,49,2.8,189,61,35,0.91,,,
343,Dhenkanal,Kandarsingha,7.31,4420,2335,1945,85,497,171,118,2.9,104,1410,85,0.75,,,
344,Dhenkanal,Motanga,8.3,1480,798,495,440,54,87,110,3.2,537,187,93,1.34,,,
345,Dhenkanal,Dhaulpur,8.2,1300,710,465,240,110,46,83,0.8,293,184,142,0.67,,,
346,Dhenkanal,Dhenkanal,8,930,466,295,200,42,46,62,25.8,244,146,24,1.26,,,
347,Dhenkanal,Baldiabandh,7.41,320,155,115,95,18,17,18,1.8,116,43,0,0.13,,,
348,Gajapati,Adaba,7.99,300,136,116,92,18,17,13,1.8,112,26,5,0.23,,,
349,Gajapati,Applanandupeta,8.05,680,358,152,213,18,26,60,30.5,260,68,28,0.9,,,
350,Gajapati,Badakhoni,8.34,780,444,141,243,20,22,20,153.4,254,55,29,0.46,,,
351,Gajapati,Chandiput,8.04,350,169,131,82,36,10,13,6.1,101,50,4,0.23,,,
352,Gajapati,Chandragiri,7.9,800,436,222,136,34,33,65,28.4,166,152,42,1.24,,,
353,Gajapati,Dantarinalo,8.12,300,134,121,112,16,19,12,1.2,136,16,3,0.32,,,
354,Gajapati,Garabandha,8.08,1450,731,379,257,38,68,156,2.9,314,310,3,1.04,,,
355,Gajapati,Gosani,8.11,920,494,192,204,22,33,103,22.3,249,142,50,0.36,,,
356,Gajapati,K.sitapur,8.47,1250,624,212,393,20,39,186,0.8,479,142,2,0.67,,,
357,Gajapati,Kantragada,6.95,380,183,141,97,38,11,17,4.6,118,39,15,0.27,,,
358,Gajapati,Kashinagar,7.35,490,229,177,170,38,19,28,3,207,24,15,0.68,,,
359,Gajapati,Kattalakanita,8.01,1190,624,303,175,51,43,118,22.2,213,247,39,0.78,,,
360,Gajapati,Kirema,7.87,520,250,207,82,40,26,22,2.9,101,105,4,0.16,,,
361,Gajapati,Ladruma,8.14,300,144,116,102,24,13,14,2,124,29,1,0.13,,,
362,Gajapati,Lavanyakhota,8,560,275,162,150,28,22,53,1.9,183,76,4,0.44,,,
363,Gajapati,Lavanyagada,8.08,700,342,177,204,22,29,76,0.5,249,71,21,0.75,,,
364,Gajapati,Lilygada,7.92,520,237,167,141,36,18,26,1.9,172,60,10,0.7,,,
365,Gajapati,Luhaguda,8.41,1340,751,227,412,24,40,51,207.2,444,121,62,0.44,,,
366,Gajapati,Madhuramba,8.1,340,156,126,94,28,13,19,1.8,160,24,2,0.36,,,
367,Gajapati,Minigaon,8.21,420,185,157,155,18,27,22,0.7,189,24,0,0.65,,,
368,Gajapati,Mohana,8.35,400,196,101,136,36,2,36,1.1,130,37,3,1.18,,,
369,Gajapati,Narayanapur,7.83,200,96,66,73,16,6,11,3,89,16,1,0.16,,,
370,Gajapati,Parasmba,7.93,270,127,106,68,22,12,12,0.5,83,39,1,0.2,,,
371,Gajapati,Paralakhemundi,7.99,1000,527,273,160,48,36,79,46,195,178,44,0.26,,,
372,Gajapati,Pegoba,7.94,230,104,81,73,26,4,10,3,89,16,2,0.19,,,
373,Gajapati,Rayagada,7.74,390,201,116,136,30,10,19,19.8,166,26,14,0.25,,,
374,Gajapati,Sebakpur,8.31,1100,611,303,257,97,15,55,91.4,260,152,47,0.29,,,
375,Gajapati,Shantinagar,7.82,440,208,162,94,32,19,20,6.3,115,73,13,0.23,,,
376,Gajapati,Sukilipadar,8.01,520,240,217,92,48,23,13,4.9,112,94,2,0.21,,,
377,Gajapati,Taramala,8.3,750,391,242,233,32,39,15,76.3,284,52,37,0.61,,,
378,Gajapati,Tattipati,7.84,1020,492,348,112,53,52,65,2.2,136,207,46,0.28,,,
379,Gajapati,Zubagaon,7.89,280,124,116,89,16,18,7,4,109,31,4,0.12,,,
380,Ganjam,Aska,7.81,450,251,157,110,43,12,28,8.8,134,68,25,0.38,,,
381,Ganjam,Badakholi,8.16,400,204,157,153,35,17,16,2.6,186,39,4,0.21,,,
382,Ganjam,Bhetnai,8.05,620,325,152,200,35,16,65,1.3,244,73,15,0.3,,,
383,Ganjam,Cheramaria,8.3,750,384,157,300,24,24,92,1,366,49,15,0.76,,,
384,Ganjam,Kendupadar,7.7,1700,853,736,243,122,105,61,2.5,296,347,71,0.17,,,
385,Ganjam,Khandrabali,8.08,890,502,193,157,49,17,90,28.3,192,168,55,0.16,,,
386,Ganjam,Koitra,8.07,1650,917,376,295,20,79,234,1.9,360,318,88,0.69,,,
387,Ganjam,Nuagaon,8.11,900,489,340,324,61,46,55,22,395,90,22,0.51,,,
388,Ganjam,Ambapua,7.93,470,265,117,166,26,13,55,2.6,203,39,31,0.85,,,
389,Ganjam,Balipadar,8.3,870,467,228,362,22,42,120,0.7,441,58,9,0.82,,,
390,Ganjam,Belaguntha,8.26,430,223,173,176,35,21,21,2,215,29,10,0.32,,,
391,Ganjam,Bhanjanagar-ii,7.9,1640,869,320,367,41,53,189,32,447,277,58,0.33,,,
392,Ganjam,Buguda,8.23,420,231,96,148,0,23,47,18,180,49,5,0.26,,,
393,Ganjam,Buguda,8.3,950,498,294,276,69,30,60,24.4,337,121,29,0.36,,,
394,Ganjam,Kalamb,8.3,2200,1180,370,590,71,47,210,148.8,720,291,59,0.11,,,
395,Ganjam,Karachuli,8.09,550,299,167,185,41,16,48,1.8,226,75,7,0.23,,,
396,Ganjam,Kontaipalli,7.83,270,145,81,76,24,5,16,12,93,36,6,0.11,,,
397,Ganjam,Lathipada,8.22,1040,572,294,295,37,49,122,1,360,143,44,1.05,,,
398,Ganjam,Mangalpur,7.74,900,485,259,200,75,17,72,20,244,136,45,0.16,,,
399,Ganjam,Dadralunda,8.15,750,395,193,267,33,27,82,5.2,325,87,2,0.46,,,
400,Ganjam,Mujhagarh,7.96,975,549,198,190,47,20,143,2,232,197,27,0.32,,,
401,Ganjam,Tilisingi,8.25,900,501,360,229,37,65,47,24,279,160,31,0.39,,,
402,Ganjam,Turumu,8.05,450,249,147,95,41,11,31,6.1,116,90,13,0.2,,,
403,Ganjam,Chatrapur,7.82,650,333,233,129,69,15,31,2,157,124,16,0.13,,,
404,Ganjam,Ganjam,8.25,1100,567,410,281,83,49,53,10.7,343,148,55,0.25,,,
405,Ganjam,Govindpur,8.02,970,493,244,181,41,34,93,1.9,221,180,34,0.26,,,
406,Ganjam,Hummuri,8.63,1700,893,386,438,59,58,145,79,534,209,82,0.25,,,
407,Ganjam,Narendrapur,8.02,350,200,178,124,45,16,12,0.4,151,44,9,0.29,,,
408,Ganjam,Tanganapalli,8.18,900,480,239,171,69,16,76,22.5,209,163,31,0.18,,,
409,Ganjam,Chikiti,8.2,2550,1367,244,414,33,39,423,14.9,505,595,14,0.65,,,
410,Ganjam,Jakara,7.67,2650,1372,914,210,234,80,139,3.2,256,707,84,0.29,,,
411,Ganjam,Surlaroad,8.17,725,403,223,205,43,28,81,1,250,109,19,0.44,,,
412,Ganjam,Badagarh,7.87,1170,613,279,176,59,32,120,2.4,215,260,34,0.25,,,
413,Ganjam,Balrampur,7.72,1250,658,370,157,98,30,91,9.2,192,296,39,0.35,,,
414,Ganjam,Dharkote,8.04,630,329,173,157,49,12,42,20,192,83,29,0.25,,,
415,Ganjam,Gangapur,8.08,450,213,152,143,39,13,27,1,174,39,8,0.29,,,
416,Ganjam,Suramani,8.01,2950,1459,1106,414,96,210,149,6.1,505,653,97,0.49,,,
417,Ganjam,Huma,7.9,2100,1112,558,276,79,88,96,145.6,337,498,41,0.38,,,
418,Ganjam,Poirasi,8.05,650,346,259,181,39,39,29,6.9,221,90,34,0.43,,,
419,Ganjam,Badakhandi,8.05,440,241,127,138,28,14,43,4.8,168,56,13,0.35,,,
420,Ganjam,Hinjlikatu,8.3,830,445,198,229,47,20,95,4.3,279,104,39,0.47,,,
421,Ganjam,Jamuni,7.79,1500,806,416,229,92,45,131,40.1,279,304,57,0.24,,,
422,Ganjam,Pochilima,7.97,930,511,213,176,51,21,85,44,215,160,45,0.23,,,
423,Ganjam,Baragam,8,900,469,264,185,49,34,65,15.7,226,170,24,0.21,,,
424,Ganjam,Chadeiapalli Chhak,8.06,850,470,183,224,35,23,95,22.5,273,117,44,0.38,,,
425,Ganjam,Chamkahandi,7.98,240,127,81,86,18,9,12,6.9,105,27,3,0.15,,,
426,Ganjam,Gayagonda,8.16,500,267,178,200,28,26,39,5.5,244,39,10,0.39,,,
427,Ganjam,Jagannathprasad,8.22,1750,918,355,353,57,52,176,56.9,430,325,41,0.4,,,
428,Ganjam,Jhadabhumi,8.12,850,416,305,281,45,47,51,0.8,343,90,14,0.29,,,
429,Ganjam,Saishamuli,7.96,1100,612,269,195,47,37,127,15,238,257,13,0.25,,,
430,Ganjam,Tarasingi,8.3,1330,709,406,338,114,29,102,27.5,412,197,37,0.38,,,
431,Ganjam,Gudiali,8.3,1200,634,213,358,26,36,185,0.8,436,136,37,1.18,,,
432,Ganjam,K.S.Nagar,7.82,2530,1378,604,305,94,90,168,171.4,372,593,80,0.13,,,
433,Ganjam,Khalikot,7.97,770,424,259,224,47,34,68,1.7,273,112,28,0.24,,,
434,Ganjam,Kodala,7.86,375,207,157,86,45,11,13,4,105,73,9,0.13,,,
435,Ganjam,Rambha,8.27,665,378,254,205,85,10,38,14.5,250,92,16,0.22,,,
436,Ganjam,Digapahandi,7.8,4450,2560,568,248,77,91,820,15.9,302,1314,94,0.6,,,
437,Ganjam,Kanakia,8.11,1200,602,315,238,49,47,103,1.7,290,194,65,0.34,,,
438,Ganjam,Kukudahandi,8.07,340,195,132,148,37,10,24,8,180,27,1,0.17,,,
439,Ganjam,Lanjia,8.26,1180,1271,264,385,28,47,184,6.8,470,736,39,0.77,,,
440,Ganjam,Lathi,7.84,550,290,157,114,41,13,40,16.9,139,80,31,0.14,,,
441,Ganjam,Pitamberpur,7.94,1280,659,518,166,45,99,70,5.3,203,323,18,0.69,,,
442,Ganjam,Ratanpur,8.1,400,232,137,153,41,8,37,3.2,186,41,11,0.26,,,
443,Ganjam,Jarada,8.21,650,361,193,229,43,21,54,14.4,279,58,34,0.54,,,
444,Ganjam,Jayantipur,8.15,920,475,228,181,67,15,70,29.6,221,163,22,0.22,,,
445,Ganjam,Patrapur,8.01,650,294,228,210,49,26,0,0,256,75,19,0.58,,,
446,Ganjam,Surangi,8.27,920,484,264,224,65,25,48,57,273,126,30,0.32,,,
447,Ganjam,Polasora,8,550,304,269,138,53,33,15,1.2,168,102,17,0.28,,,
448,Ganjam,Bananai,8.23,1380,691,320,414,43,52,135,16,505,163,35,0.35,,,
449,Ganjam,Nuapalli,8.03,450,247,198,138,37,26,23,1.4,168,66,12,0.36,,,
450,Ganjam,Purusatampur,8.03,680,355,233,138,67,16,39,12.5,168,107,31,0.17,,,
451,Ganjam,Berhampur Ii,8.02,1020,561,167,229,39,17,147,6.9,279,194,20,0.21,,,
452,Ganjam,Dumdumi,8.3,1840,1055,315,371,55,43,158,178.6,453,323,75,0.34,,,
453,Ganjam,Golabandha,7.78,1550,813,563,166,124,61,80,6.6,203,374,68,0.29,,,
454,Ganjam,Golanthara,7.97,900,457,279,181,55,34,68,0.9,221,160,30,0.27,,,
455,Ganjam,Haldiapadar,8.3,1600,881,244,400,35,38,273,4.2,488,240,52,0.88,,,
456,Ganjam,Hinjalapalli,8.2,990,546,198,205,39,24,144,0.9,250,155,60,0.34,,,
457,Ganjam,Mantridi,8.09,620,335,223,195,39,30,48,2,238,85,14,0.29,,,
458,Ganjam,Phulata,8.29,1300,704,370,319,102,28,100,52,389,187,45,0.16,,,
459,Ganjam,Patapur,8.03,860,487,173,176,55,9,80,61,215,126,51,0.17,,,
460,Ganjam,Subash Ch.Pur,7.93,450,256,188,90,57,11,20,4.6,110,107,2,0.17,,,
461,Jagatsinghpur,Balikuda,7.94,390,208,29,153,4,5,70,2.2,187,26,8,0.55,,,
462,Jagatsinghpur,Bhutmundi,7.9,3140,1586,547,604,117,62,400,73.5,737,468,101,0.21,,,
463,Jagatsinghpur,Kanakpur,8.15,690,336,158,180,31,20,69,2.6,220,86,19,0.27,,,
464,Jagatsinghpur,Mukundapur,7.97,450,223,154,140,31,19,28,0.1,171,38,23,0.08,,,
465,Jagatsinghpur,Nuapole bazar,8.02,330,174,139,145,40,9,14,0.7,177,19,3,0.2,,,
466,Jagatsinghpur,Raghunathpur,7.96,360,171,115,120,29,10,12,20.1,146,22,6,0.11,,,
467,Jagatsinghpur,Siuli,7.99,300,162,110,130,44,0,17,0.8,159,17,4,0.21,,,
468,Jajpur,Ambasar,7.18,110,54,43,25,10,5,4,1.4,31,17,3,0.18,,,
469,Jajpur,Amrutmanohi,7.12,720,385,182,115,23,30,75,1.7,140,129,56,0.2,,,
470,Jajpur,Arakhpur,7.58,730,379,187,188,36,23,67,1.1,230,89,49,0.3,,,
471,Jajpur,Baruda,7.94,1510,760,139,695,13,26,261,0.9,848,29,10,1.1,,,
472,Jajpur,Chinguripal,7.48,70,35,24,15,8,1,3,1,18,11,3,0.1,,,
473,Jajpur,Danagadi,7.11,190,99,48,40,10,6,20,0.3,49,36,3,0.08,,,
474,Jajpur,Dankari,7.88,1260,614,250,495,29,43,150,3,604,79,11,1.3,,,
475,Jajpur,Dasarathpur,7.74,1340,732,259,365,58,28,110,82.5,445,144,90,0.29,,,
476,Jajpur,Duburi,7.87,500,236,150,225,25,21,35,1.1,275,12,6,0.46,,,
477,Jajpur,Garmian,7.4,90,45,29,20,8,2,5,1,24,14,3,0.09,,,
478,Jajpur,Haridaspur,7.1,130,71,38,35,12,2,11,1.2,43,14,9,0.66,,,
479,Jajpur,Jajpur,7.6,720,379,240,225,67,17,34,22.6,275,65,37,0.11,,,
480,Jajpur,Jakhapura,7.22,120,63,20,30,2,4,12,9.1,37,12,7,0.1,,,
481,Jajpur,Jamjhari,7.36,560,297,173,135,44,15,37,8.6,165,74,36,0.17,,,
482,Jajpur,Jharagadhia,7.25,380,206,120,90,35,8,24,7.3,110,48,30,0.24,,,
483,Jajpur,Kamatabandha,7.31,190,99,25,69,4,4,28,0.9,85,7,14,0.19,,,
484,Jajpur,Kalamatia,7.56,1000,522,312,230,60,40,53,56,281,117,58,0.24,,,
485,Jajpur,Kharadi,7.2,220,111,82,84,19,8,9,0.8,103,7,16,0.19,,,
486,Jajpur,Madhupur garh,7.33,410,228,139,135,40,9,12,31.5,165,31,22,0.24,,,
487,Jajpur,Phuljhor,7.43,720,360,226,265,65,15,48,1.2,323,50,21,0.77,,,
488,Jajpur,Pobala,7.24,150,78,45,35,10,5,12,0.6,42,25,5,0.2,,,
489,Jajpur,Puruna baulamal,7.48,500,255,130,163,31,13,46,2.3,199,53,12,0.37,,,
490,Jajpur,Ratadiposi,7.63,770,362,264,297,40,40,39,0.7,362,53,9,0.51,,,
491,Jajpur,Ragedi,7.65,400,204,120,130,33,9,30,9.9,159,26,17,0.27,,,
492,Jajpur,Singpur,7.48,790,404,250,163,61,23,48,0.7,199,128,45,0.2,,,
493,Jajpur,Sahupur,7.34,180,92,62,40,21,2,12,1,49,24,7,0.17,,,
494,Jajpur,Sukinda,7.21,160,78,48,40,15,2,10,0.3,49,22,4,0.15,,,
495,Jajpur,Arakhpur,7.64,490,274,178,205,36,21,37,2.6,250,36,18,0.39,,,
496,Jharsuguda,Belpahar,7,500,259,139,115,34,13,51,11.5,170,74,19,0.14,,,
497,Jharsuguda,Bhalupatra,7.6,270,140,114,130,38,5,13,3.9,152,7,1,0.29,,,
498,Jharsuguda,Bhikhampali,7.8,590,284,204,150,40,25,39,1.1,176,69,23,0.71,,,
499,Jharsuguda,Brajrajnagar,7.4,290,137,70,30,20,5,30,3.6,77,35,30,0.14,,,
500,Jharsuguda,Chadnimal,7.17,200,112,90,85,24,7,14,2.2,118,15,2,0.39,,,
501,Jharsuguda,Jamkani(Arda),7.15,950,457,299,35,88,19,74,4.5,150,203,52,0.41,,,
502,Jharsuguda,Katarbaga,7.55,300,187,124,145,20,18,30,9,170,25,9,0.36,,,
503,Jharsuguda,Kirimera,7.78,250,145,119,135,36,7,12,3.8,158,10,1,0.37,,,
504,Jharsuguda,Lakhanpur,7.6,350,221,174,110,36,21,25,1.9,158,60,15,0.23,,,
505,Jharsuguda,Panchagaon,7.77,160,90,60,35,22,1,14,1.3,60,30,3,0.33,,,
506,Jharsuguda,Ram kumar Chawk,7.86,600,289,254,150,72,18,23,2.8,224,87,1,0.21,,,
507,Jharsuguda,Sahaspur,7.81,350,181,159,75,44,12,15,0.5,124,57,9,0.17,,,
508,Jharsuguda,Singarpur,7.76,100,58,60,50,14,6,1,1.5,59,7,0,0.09,,,
509,Jharsuguda,Sriyapalli,7.7,450,222,169,100,46,13,27,4.1,153,65,13,0.13,,,
510,Kalahandi,Ampani,7.73,730,360,280,285,62,30,36,5,348,55,1,0.54,,,
511,Kalahandi,Attanguda,7.92,1330,693,550,285,130,55,51,1.5,348,242,43,0.22,,,
512,Kalahandi,Badbasul,8.27,2970,1682,450,610,42,84,474,3.4,744,280,434,3.32,,,
513,Kalahandi,Bakatpur,7.91,220,112,100,100,34,4,1,3.2,122,10,0,0.25,,,
514,Kalahandi,Baldiamal,7.48,1000,496,365,340,46,61,59,5,415,87,35,0.71,,,
515,Kalahandi,Bandigaon,7.99,520,267,250,250,74,16,2,1.5,305,20,4,0.25,,,
516,Kalahandi,Baner,7.67,670,333,265,145,54,32,31,1.6,177,102,26,0.16,,,
517,Kalahandi,Bawanipatna,7.42,740,387,320,105,78,30,20,1.3,128,157,38,0.09,,,
518,Kalahandi,Bhawanipatna,8.3,1530,732,450,400,32,90,143,2.8,488,187,38,1.44,,,
519,Kalahandi,Bijamara,7.86,1100,546,425,155,68,62,54,5.6,189,212,52,0.29,,,
520,Kalahandi,Biswanathppur,8.13,580,306,175,170,42,17,51,0.4,207,71,23,0.43,,,
521,Kalahandi,Charbahal,7.98,390,187,185,110,38,22,2,2,134,42,15,0.21,,,
522,Kalahandi,Chiliguda1,7.64,1090,571,380,140,88,39,72,2.8,171,250,36,0.11,,,
523,Kalahandi,Dalguma,8.09,800,410,340,285,72,39,20,10,348,87,12,0.24,,,
524,Kalahandi,Dharamgarh,7.8,1120,573,370,200,52,58,85,1.8,244,210,46,0.18,,,
525,Kalahandi,Ghantiguda,8.08,610,284,295,300,40,47,1,2.8,366,10,3,1.84,,,
526,Kalahandi,Golamunda,8.44,1460,760,185,430,40,21,245,6.1,525,92,39,1.7,,,
527,Kalahandi,Golmunda,8.42,1360,690,230,460,38,33,203,5.6,561,25,27,1.32,,,
528,Kalahandi,Gunupur,7.92,300,138,145,105,36,13,1,1,128,20,4,0.21,,,
529,Kalahandi,Jaipatna,8.14,530,260,210,135,40,27,21,4,165,71,16,0.56,,,
530,Kalahandi,Junagarh 1,7.76,720,351,255,155,38,39,45,2,189,106,29,0.2,,,
531,Kalahandi,Kalampur,7.96,490,235,150,180,32,17,41,1.8,220,26,9,0.26,,,
532,Kalahandi,Kegaon,7.57,890,435,325,210,38,56,52,3.8,256,141,19,0.36,,,
533,Kalahandi,Koksara,8.26,1330,650,315,395,38,53,156,5.8,482,145,16,0.54,,,
534,Kalahandi,Ladugaon,8.55,970,493,205,310,22,36,125,4.2,378,26,10,2.2,,,
535,Kalahandi,Mahichala,7.89,1430,743,460,265,40,87,100,25.8,323,250,81,0.17,,,
536,Kalahandi,Malgaon,8.08,600,279,250,265,32,41,20,2.8,323,20,5,1.53,,,
537,Kalahandi,Moter,8.02,460,227,165,205,46,12,24,8.2,250,14,0,0.74,,,
538,Kalahandi,M-rampur,8.15,370,187,130,130,40,7,20,5.2,159,37,0,0.23,,,
539,Kalahandi,Narla,7.72,950,481,380,195,50,62,41,3.9,238,163,45,0.82,,,
540,Kalahandi,Pokaribandh,7.8,510,251,205,165,34,29,20,2.1,201,49,18,0.17,,,
541,Kalahandi,Risida,7.98,440,206,175,185,26,27,19,2.1,226,15,6,0.2,,,
542,Kalahandi,Santapur,7.63,800,394,280,250,32,49,53,1.8,305,95,14,1.52,,,
543,Kalahandi,Sargigora,7.92,1150,586,345,280,30,66,104,1.8,342,177,40,1.6,,,
544,Kalahandi,Sunamala,7.98,3030,1606,770,535,44,160,341,2.8,653,488,250,0.93,,,
545,Kalahandi,Tal Jaring,8.21,460,223,180,190,34,23,19,5.8,232,26,1,0.28,,,
546,Kalahandi,Tulapada,7.95,430,208,165,180,42,15,20,1.8,220,20,2,0.2,,,
547,Kalahandi,Tundala,7.56,1580,782,615,325,48,120,79,1.2,397,295,44,0.6,,,
548,Kandhamal,Baliguda,8,180,99,41,41,14,1,20,2.6,49,17,20,0.15,,,
549,Kandhamal,Dubagarh,8.2,1050,582,107,407,29,9,155,59.2,487,89,3,0.15,,,
550,Kandhamal,G.Udaigiri,7.9,600,319,179,191,61,6,55,1.8,228,79,4,0.11,,,
551,Kandhamal,Kalinga,7.9,250,129,87,103,10,15,14,4.7,123,7,18,0.14,,,
552,Kandhamal,Katringia,8.2,500,263,117,196,37,6,58,5,234,37,6,0.15,,,
553,Kandhamal,Khajuriapada,8.3,470,247,163,211,43,13,26,9.4,253,12,19,0.24,,,
554,Kandhamal,Kurtamgarh,8.1,290,156,102,118,31,6,14,9.2,142,25,1,0.15,,,
555,Kandhamal,Lingagada,8,500,268,184,129,51,13,27,5.8,154,94,2,0.1,,,
556,Kandhamal,Nuagaon,8.1,160,92,56,46,20,1,7,7.9,55,12,17,0.12,,,
557,Kandhamal,Paburiya,8.3,540,285,163,221,31,21,27,34.5,265,37,4,0.2,,,
558,Kandhamal,Phiringia-i,8.02,290,149,97,118,25,9,18,4.4,142,20,3,0.12,,,
559,Kandhamal,Phiringia-ii,8.2,210,112,66,72,20,4,15,3.6,86,7,20,0.12,,,
560,Kandhamal,Kandhamal-1,8.3,420,218,148,118,41,11,20,10.7,142,62,4,0.15,,,
561,Kandhamal,Raikia-ii,8.1,190,103,66,67,20,4,8,8.9,80,10,13,0.1,,,
562,Kandhamal,Sankarakhol,8.04,530,277,158,216,29,21,28,32,259,35,4,0.19,,,
563,Kandhamal,Sudrukumpa,8.2,230,120,77,72,16,9,15,4.1,86,25,9,0.13,,,
564,Kandhamal,Tellapalli,8.3,430,221,158,170,45,11,19,10.8,203,35,1,0.17,,,
565,Kendrapara,Aul,7.16,530,258,200,168,44,22,25,6.8,205,40,20,0.03,,,
566,Kendrapara,Barua,7.19,730,379,209,221,40,27,71,1.3,269,65,44,0.08,,,
567,Kendrapara,Chandi bazar,7.49,1280,657,194,259,26,31,199,1.7,316,164,81,0.13,,,
568,Kendrapara,Chandol,7.73,820,426,209,288,18,40,95,13.9,351,60,27,0.21,,,
569,Kendrapara,Daliji,7.89,1620,863,90,394,12,15,321,9.2,480,186,85,0.41,,,
570,Kendrapara,Duhuria,7.42,1530,804,299,178,48,44,210,1.7,217,310,85,0.16,,,
571,Kendrapara,Hatia,7.89,730,374,104,254,12,18,114,6.4,310,67,4,0.1,,,
572,Kendrapara,Indupur,7.07,920,480,244,182,48,30,76,39.9,223,159,18,0.06,,,
573,Kendrapara,Jajang,7.16,670,341,179,170,46,16,58,1.5,207,106,12,0.07,,,
574,Kendrapara,Jamdhar,7.63,2510,1325,204,302,24,35,470,4,369,536,75,0.22,,,
575,Kendrapara,Jantilo,7.41,1060,526,299,192,38,50,103,3.5,234,164,54,0.23,,,
576,Kendrapara,Kajala,7.32,500,246,179,163,30,25,32,1.8,199,37,22,0.11,,,
577,Kendrapara,Kasoti,7.49,1160,576,284,235,36,47,132,3,287,174,44,0.14,,,
578,Kendrapara,Mula basant,7.21,1630,836,398,264,44,70,175,20.3,322,323,47,0.12,,,
579,Kendrapara,Nikrai,7.05,950,497,249,178,48,31,67,57.2,217,146,41,0.06,,,
580,Kendrapara,Pattamunda,7.21,560,283,240,96,44,32,13,10.3,117,87,41,0.07,,,
581,Kendrapara,Raj nagar,7.26,810,411,245,226,56,26,57,25.9,275,67,45,0.05,,,
582,Kendrapara,Ram nagar,7.79,1660,843,408,230,50,69,185,8.5,281,310,83,0.1,,,
583,Kendujhar,Sorada,8.15,750,397,269,248,69,23,34,33.2,302,61,28,0.26,,,
584,Kendujhar,Bhagomunda,7.83,7.15,349,285,152,52,38,23,1.5,185,110,33,0.45,,,
585,Kendujhar,Nuagaon,7.68,230,142,100,59,22,11,10,8.2,72,34,22,0.4,,,
586,Kendujhar,Kanjipani,7.7,75,40,25,30,10,0,5,0.7,36,7,0,0.15,,,
587,Kendujhar,Suakati,7.5,55,36,20,25,8,0,5,1.3,30,7,0,0.15,,,
588,Kendujhar,Champua,7.82,505,281,185,191,52,13,35,2,233,43,22,0.26,,,
589,Kendujhar,Jaymangalpur,7.8,340,180,85,79,20,9,36,3,96,53,13,0.22,,,
590,Kendujhar,Parsora,8.1,400,225,140,152,46,6,28,3.8,185,50,1,0.26,,,
591,Kendujhar,Sasang,7.86,435,227,155,98,46,10,23,5.1,120,60,24,0.15,,,
592,Kendujhar,Balarampur,7.74,835,439,235,157,46,29,57,34.4,191,148,31,0.36,,,
593,Kendujhar,Barpada,7.48,320,162,135,64,26,17,13,1.3,78,60,6,0.1,,,
594,Kendujhar,Birgovindpur,7.93,470,258,190,201,44,19,32,2.2,245,36,4,0.44,,,
595,Kendujhar,Deogan,8.27,620,346,260,216,60,27,27,16.4,263,62,25,0.14,,,
596,Kendujhar,Kesurdapal,7.53,310,173,150,108,38,13,11,2.3,132,34,10,0.17,,,
597,Kendujhar,Baxibarigan,8.12,160,97,50,64,16,2,18,0.7,78,22,0,1.05,,,
598,Kendujhar,Dhangadiha,7.83,175,110,60,54,14,6,17,3.4,66,34,3,0.11,,,
599,Kendujhar,Dhenkikot,7.98,460,256,175,108,42,17,31,4.9,132,77,19,0.13,,,
600,Kendujhar,Gadadharpur,7.46,140,79,55,34,14,5,9,1.8,42,29,0,0.09,,,
601,Kendujhar,Ghatgaon,7.9,715,369,255,166,40,38,46,6.2,203,105,35,0.17,,,
602,Kendujhar,Melana,7.73,355,205,110,74,22,13,28,15.4,90,67,15,0.12,,,
603,Kendujhar,Patilo,8.08,650,353,215,181,40,28,36,25.3,221,98,18,0.21,,,
604,Kendujhar,Rajpat,7.68,250,151,65,69,20,4,28,7.2,84,48,3,0.11,,,
605,Kendujhar,Harichandanpur,8.15,725,376,285,166,46,41,31,18,203,103,36,0.19,,,
606,Kendujhar,Anandapur,7.67,950,507,390,181,120,22,49,1.6,221,158,49,0.13,,,
607,Kendujhar,Ghasipur,8.1,570,309,225,206,46,27,35,3.5,251,55,20,0.34,,,
608,Kendujhar,Mathadai,7.73,345,179,175,112,44,16,2,1.4,137,38,10,0.3,,,
609,Kendujhar,Nuasahi,7.78,510,268,195,166,52,16,32,1.1,203,48,19,0.23,,,
610,Kendujhar,Badaposhi,7.82,420,226,150,122,48,7,25,7,149,55,11,0.23,,,
611,Kendujhar,Jhumpura,7.94,260,155,75,59,26,2,29,1.2,72,60,1,0.22,,,
612,Kendujhar,Katalaposhi,7.96,305,174,140,112,42,9,10,3.6,137,38,5,0.29,,,
613,Kendujhar,Ukunta,7.26,1025,82,45,25,8,6,12,1.5,30,36,4,0.1,,,
614,Kendujhar,Bhadrasahi,8.1,215,128,115,93,30,10,5,1.8,114,24,1,0.21,,,
615,Kendujhar,Guali,7.95,180,115,90,74,26,6,9,3.1,90,24,3,0.26,,,
616,Kendujhar,Joda,7.88,265,146,125,64,24,16,5,3,78,29,31,0.21,,,
617,Kendujhar,Rugudi,7.92,360,199,165,127,40,16,4,9.8,155,41,12,0.27,,,
618,Kendujhar,Brahmandgram,7.47,1050,561,335,181,62,44,60,41.3,221,175,71,0.28,,,
619,Kendujhar,Gopalpur,7.89,350,203,145,127,48,6,14,8.3,155,34,16,0.42,,,
620,Kendujhar,Haridagot,7.79,360,183,90,54,26,6,27,9.3,66,60,23,0.16,,,
621,Kendujhar,Jhadbelda,7.93,500,270,190,157,38,23,26,10.3,191,77,2,0.17,,,
622,Kendujhar,Keonjhar,8.23,700,388,285,255,72,26,27,22.5,311,60,28,0.23,,,
623,Kendujhar,Keonjhargarh,7.64,1070,553,350,176,72,41,75,13.6,215,191,55,0.22,,,
624,Kendujhar,Muktapur,8.14,375,211,165,117,40,16,21,0.3,143,53,10,0.48,,,
625,Kendujhar,Naranpur,7.96,1085,557,325,226,78,32,76,9.1,275,182,46,0.35,,,
626,Kendujhar,Padampur,8.07,555,269,230,127,72,12,13,0.7,155,81,15,0.23,,,
627,Kendujhar,Balaniposi,8.13,535,253,195,162,48,18,0,0,197,72,18,0.25,,,
628,Kendujhar,Burikapuri,8.16,235,122,100,84,24,10,9,0.7,102,29,0,0.3,,,
629,Kendujhar,Kendeiposhi,8.24,360,203,150,117,34,16,25,0.5,143,50,8,0.86,,,
630,Kendujhar,Khiritangiri,7.97,785,407,330,196,76,34,22,15.3,239,110,33,0.55,,,
631,Kendujhar,Kothaghar,8.07,655,348,215,142,50,22,22,41.2,173,98,30,0.15,,,
632,Kendujhar,Malliposi,7.61,225,136,65,54,16,6,21,9,66,43,8,0.12,,,
633,Kendujhar,Tangarpada,7.3,175,109,50,39,10,6,22,0.9,48,43,4,0.81,,,
634,Kendujhar,Turmunga,7.84,245,137,70,59,24,2,24,2.5,72,48,1,0.28,,,
635,Kendujhar,Badbil,7.81,175,100,55,54,16,4,16,1.3,66,31,0,0.12,,,
636,Kendujhar,Gajitangri,7.31,200,92,60,44,16,5,10,5.4,54,29,1,0.19,,,
637,Kendujhar,Swampatna,7.66,445,249,155,122,40,13,17,31.3,149,55,19,0.14,,,
638,Kendujhar,Udaipur,7.72,155,96,55,49,14,5,16,0.7,60,26,5,0.12,,,
639,Kendujhar,Akul,7.72,195,115,85,59,20,9,8,4,72,38,2,0.21,,,
640,Kendujhar,Bimala,7.97,410,207,170,112,44,15,5,10.1,137,55,11,0.23,,,
641,Kendujhar,Jagmohanpur,7.94,650,326,260,132,62,26,32,1.5,161,120,7,0.34,,,
642,Kendujhar,Kaliahata,7.51,100,67,35,25,10,2,9,3.9,30,26,1,0.15,,,
643,Kendujhar,Kuntapada,7.55,80,53,30,25,10,1,8,0.7,30,17,1,0.18,,,
644,Kendujhar,Padang,7.6,155,92,50,34,14,4,14,3.7,42,36,1,0.15,,,
645,Kendujhar,Pitanali,7.29,115,75,35,44,12,1,13,3.3,54,19,0,0.17,,,
646,Kendujhar,Telkoi,8.16,565,281,195,127,52,16,36,1.2,155,81,19,0.23,,,
647,Khordha,Balipatna,8.21,450,229,173,179,40,18,17,9.8,218,15,23,0.27,,,
648,Khordha,Begunia,7.81,810,413,257,198,65,23,56,16.6,242,106,28,0.36,,,
649,Khordha,Bhubaneswar-i,7.6,380,191,144,134,42,9,20,0.9,164,35,3,0.55,,,
650,Khordha,Bhusundapur,7.37,160,77,54,66,10,7,10,1,80,10,0,0.1,,,
651,Khordha,Bolagarh,7.1,690,374,163,79,40,15,76,10.7,96,184,1,0.07,,,
652,Khordha,Chandaka,7.25,440,236,149,127,38,13,22,18,155,43,26,0.16,,,
653,Khordha,Gobindpur,7.75,630,337,173,226,42,17,63,2.2,276,55,23,0.18,,,
654,Khordha,Jagannathpur,7.85,470,255,149,151,40,12,37,2.9,184,33,40,0.34,,,
655,Khordha,Jankia,7.7,210,97,84,83,12,13,8,0.6,101,13,1,0.08,,,
656,Khordha,Janla,7.52,270,157,55,77,16,4,31,7.7,94,35,18,0.19,,,
657,Khordha,Jatni1,7.42,310,161,89,79,20,9,26,6.7,96,48,4,0.09,,,
658,Khordha,Jayamangal,7.3,160,83,52,55,16,3,10,1.4,67,13,7,0.11,,,
659,Khordha,Kapilaprasad,7.28,130,68,40,44,8,5,10,2.2,54,15,1,0.07,,,
660,Khordha,Khurda,7.19,340,172,114,116,32,8,21,4.2,142,33,4,0.08,,,
661,Khordha,Khurda Industrial Area,7.32,490,265,79,50,14,11,75,1.8,61,133,1,0.05,,,
662,Khordha,Kundaidarapatna,7.52,1140,566,327,231,44,53,111,0.8,282,179,40,0.25,,,
663,Khordha,Nirakarpur,7.68,220,116,80,77,30,1,13,1,94,23,2,0.06,,,
664,Khordha,Niranjanpur,7.32,100,45,35,37,6,5,6,0.4,45,5,1,0.09,,,
665,Khordha,Odakhanda,8.3,3050,1858,574,765,131,60,240,332,933,539,99,0.06,,,
666,Khordha,Padanpur,8.22,290,147,89,102,12,14,21,7.8,124,30,1,0.05,,,
667,Khordha,Patia,7.64,660,357,193,176,44,20,41,37.3,215,68,41,0.14,,,
668,Khordha,Raghunathpur,7.52,310,174,81,77,22,6,27,10.8,94,50,12,0.15,,,
669,Khordha,Sandhapur,8.15,680,340,238,303,46,30,43,6.6,370,30,3,0.49,,,
670,Khordha,Sundarpada,8,560,290,198,165,50,18,35,2.4,201,63,23,0.27,,,
671,Khordha,Tamando,7.92,260,140,74,55,16,8,21,7.3,67,43,12,0.09,,,
672,Khordha,Tangi2,7.62,240,118,79,77,16,9,13,6.9,94,25,2,0.08,,,
673,Khordha,Mendhasala,7.62,510,275,149,127,34,16,29,30.5,155,68,22,0.18,,,
674,Khordha,B-02 Samantarapur,7.74,320,159,114,99,26,12,18,3.9,121,28,12,0.29,,,
675,Khordha,B-04 Lingaraj Temple,7.85,530,279,173,181,44,15,33,14.5,221,48,16,0.25,,,
676,Khordha,B-05 Rath Road,7.9,580,307,198,209,38,25,33,14.6,255,50,21,0.25,,,
677,Khordha,B-06 Purnama Gate,7.79,420,210,144,134,20,23,25,5.5,164,33,23,0.11,,,
678,Khordha,B-07 Bapuji Nagar,7.69,460,245,134,125,20,20,34,15.9,153,53,27,0.09,,,
679,Khordha,B-09 Tankapani Road,7.6,230,115,59,55,16,5,18,9.5,67,30,4,0.1,,,
680,Khordha,B-12 Laxmi Sagar,7.69,430,238,119,121,32,9,35,11.9,148,50,27,0.21,,,
681,Khordha,B-14 Rasulgarh,7.64,460,239,172,154,44,15,24,1.2,188,33,30,0.17,,,
682,Khordha,B-15 Bomikhal,7.84,470,262,118,121,42,3,43,15.1,148,55,31,0.16,,,
683,Khordha,B-17 Satya Nagar,7.82,410,218,104,99,22,12,38,11.1,121,58,18,0.07,,,
684,Khordha,B-20 Palasuni (NH-5),7.74,510,260,198,165,48,19,24,1.3,201,43,26,0.17,,,
685,Khordha,B-21 Haridaspur,7.76,400,207,143,127,40,10,21,6.7,155,38,15,0.19,,,
686,Khordha,B-22 Mancheswar,7.57,430,210,158,132,40,14,21,6.6,161,33,16,0.19,,,
687,Khordha,B-25 Sainik School,6.94,230,126,69,72,14,8,19,3.2,88,35,3,0.05,,,
688,Khordha,B-26 Gadakana,7.01,200,99,54,44,12,6,19,2.4,54,30,3,0.04,,,
689,Khordha,B-29 Rkamra Village,6.9,90,43,40,25,10,4,1,0.9,31,8,4,0.09,,,
690,Khordha,B-31 Unit-9,6.82,450,242,149,127,38,13,28,8.5,155,45,33,0.08,,,
691,Khordha,B-33 Unit-4,7.12,360,183,104,88,22,12,30,5,107,48,14,0.06,,,
692,Khordha,B-34 Ganga Nagar,7.6,310,156,84,111,12,13,29,4.5,135,20,11,0.05,,,
693,Khordha,B-35 Unit-6,7.42,460,241,149,146,36,14,32,8.3,178,45,18,0.12,,,
694,Khordha,B-37 OUAT,7.62,290,155,74,67,14,9,29,4.5,82,43,15,0.06,,,
695,Khordha,B-38 Bhimpur,7.7,440,224,139,88,40,9,32,5.6,107,58,26,0.18,,,
696,Khordha,B-39 Bhimatangi,7.46,500,268,158,123,40,14,37,6.6,150,68,29,0.18,,,
697,Khordha,B-40 Kapilaprasad,7.22,140,68,40,44,12,2,11,2.1,54,13,1,0.05,,,
698,Khordha,B-41 Pokhariput,7.28,190,94,59,50,14,6,14,2.8,61,20,7,0.14,,,
699,Khordha,B-42 Kargil Basti,6.98,480,242,129,143,20,19,47,4.7,174,63,3,0.07,,,
700,Khordha,B-43 Gandamunda,6.95,200,103,59,55,16,5,16,3.3,67,25,5,0.13,,,
701,Khordha,B-44 Baramunda,7.21,420,227,114,116,22,14,30,21.1,142,53,17,0.16,,,
702,Khordha,B-45 Delta Square,7.13,380,209,94,61,22,9,39,7.9,74,70,24,0.07,,,
703,Khordha,B-47 Ghatikia,7,220,119,54,50,12,6,23,2.1,61,28,18,0.08,,,
704,Khordha,B-48 Dumuduma,6.92,330,158,104,100,14,17,25,2.1,122,40,0,0.06,,,
705,Khordha,B-50 Janla,6.86,400,198,119,105,18,18,33,4.3,128,60,2,0.06,,,
706,Khordha,B-51 DAV (Unit-8),6.93,400,218,104,86,20,13,39,8.3,105,65,21,0.06,,,
707,Koraput,Ambaguda1,7.41,340,160,92,64,35,1,21,9.1,78,54,1,0.17,,,
708,Koraput,Anta,7.22,660,322,192,188,24,32,30,34,229,78,11,0.19,,,
709,Koraput,Baipariguda,7.23,190,95,69,79,24,2,10,1.5,96,10,1,0.12,,,
710,Koraput,Bajiguda,7.06,200,95,59,45,22,1,9,6.3,55,29,1,0.09,,,
711,Koraput,Balia,7.02,480,226,127,89,41,6,36,10.2,109,78,1,0.12,,,
712,Koraput,Bangalaguda,7.07,400,188,130,94,39,8,18,7,115,59,1,0.11,,,
713,Koraput,Bheja 1,7.44,100,46,46,44,10,5,1,0.2,54,3,0,0.09,,,
714,Koraput,Bijapur,7.25,930,461,279,297,75,23,37,48.2,362,98,2,0.25,,,
715,Koraput,Boriguma,7.5,230,114,85,84,29,3,12,3.3,102,17,0,0.13,,,
716,Koraput,Burja,7.37,640,306,172,139,39,18,29,38.2,170,98,1,0.11,,,
717,Koraput,C.kusimi-ii,7.45,280,134,87,84,25,6,15,2.1,102,35,1,0.15,,,
718,Koraput,Chandli,7.56,370,176,120,109,33,9,23,2.2,133,42,1,0.1,,,
719,Koraput,Chingudichuan,7.71,100,46,41,45,10,4,2,1.1,55,3,0,0.09,,,
720,Koraput,C-kusumi-i,7.49,290,137,90,84,21,9,16,1.9,102,39,0,0.08,,,
721,Koraput,Damanahandi,7.55,130,61,51,54,12,5,6,0.1,66,5,0,0.06,,,
722,Koraput,Dasmanthapur,7.38,200,92,75,64,17,8,7,1.4,78,20,0,0.12,,,
723,Koraput,Deoghati,7.64,130,62,46,50,10,5,8,0.8,61,7,0,0.09,,,
724,Koraput,Dhamanaganda,7.69,220,113,79,99,25,4,11,2.3,121,10,1,0.12,,,
725,Koraput,Dhaulapur,7.85,130,63,51,50,12,5,4,2.2,61,10,0,0.07,,,
726,Koraput,"Disarikaraguda-New
Colony",7.66,150,70,50,56,10,6,10,1.2,68,10,0,0.17,,,
727,Koraput,Doraguda,7.62,540,259,169,158,43,15,24,14.3,193,68,0,0.07,,,
728,Koraput,Dumuriput,7.18,110,52,48,45,6,8,2,1.1,55,7,0,0.06,,,
729,Koraput,Ghatarala,7.84,480,223,169,119,43,15,20,1.6,145,73,0,0.19,,,
730,Koraput,Gumur,7.03,200,93,62,54,19,4,10,2.5,66,24,0,0.06,,,
731,Koraput,Jayantigiri,7.78,900,412,330,252,35,59,47,2.2,307,117,1,0.18,,,
732,Koraput,Jeypore1,7.22,640,303,223,183,48,25,33,0.4,223,86,1,0.11,,,
733,Koraput,Jujari,6.6,540,271,158,129,38,16,49,3.7,157,74,13,0.25,,,
734,Koraput,Kakriguma,7.49,590,284,223,233,52,23,32,1.5,284,31,6,0.12,,,
735,Koraput,Kantarkhal 1,7.23,480,245,163,134,42,14,31,3.6,164,74,0,0.09,,,
736,Koraput,Kenduguda,7.22,150,66,64,60,8,11,3,0.7,73,7,0,0.11,,,
737,Koraput,Khaliaguda,7.03,140,64,59,59,8,10,3,3.5,72,5,0,0.1,,,
738,Koraput,Konga,6.89,130,63,50,55,8,7,4,3.8,67,7,0,0.18,,,
739,Koraput,Koraput-i,7.23,680,338,297,223,77,25,19,1.1,272,59,24,0.18,,,
740,Koraput,Koraput-ii,7.13,140,66,59,54,10,8,4,1.5,66,10,0,0.12,,,
741,Koraput,Kotpad,7.01,240,117,94,89,20,11,7,5.3,108,19,1,0.13,,,
742,Koraput,Kunduli,7.08,630,347,168,164,42,16,44,37.1,200,76,34,0.21,,,
743,Koraput,Kusumguda,6.93,180,87,74,75,20,6,5,1.2,91,10,0,0.12,,,
744,Koraput,Lamtaput,6.99,120,53,54,50,8,8,2,0.3,61,5,0,0.11,,,
745,Koraput,Laxmipur1,6.87,210,104,59,65,12,7,18,2.4,79,26,0,0.1,,,
746,Koraput,Mandalguda Colony,7.12,270,129,104,119,20,13,13,1.8,145,10,0,0.18,,,
747,Koraput,Miriguda,7.08,290,143,89,80,10,16,18,10.3,98,40,0,0.19,,,
748,Koraput,Mundaguda,6.86,100,51,40,35,12,3,3,1.1,43,10,0,0.16,,,
749,Koraput,Nandapur,6.77,120,55,50,50,14,4,2,0.3,61,5,0,0.08,,,
750,Koraput,New Ghasarda,7.08,380,194,144,148,38,12,19,2.6,181,29,4,0.51,,,
751,Koraput,Panasaputbagh,7.62,170,77,75,66,14,10,4,1,81,8,1,0.1,,,
752,Koraput,Panchada,7.11,180,81,79,79,14,11,3,0.4,97,5,0,0.16,,,
753,Koraput,Patraput,6.99,280,138,114,124,28,11,7,7,151,10,0,0.18,,,
754,Koraput,Pitaguda,7.04,130,63,59,35,18,4,2,0.8,45,17,0,0.1,,,
755,Koraput,Podagada,7.3,390,182,163,183,28,23,11,2.5,223,7,1,0.11,,,
756,Koraput,Potangi,7.53,110,50,50,50,10,6,1,0.5,61,2,0,0.14,,,
757,Koraput,Ramgiri1,7.46,500,242,208,213,46,23,17,2.7,260,26,0,0.19,,,
758,Koraput,Randapalli-Bj-I,7.05,120,56,45,45,12,4,5,0.7,55,7,0,0.18,,,
759,Koraput,Sasanhandi-ii,7.29,130,61,54,55,10,7,3,1.1,67,7,0,0.13,,,
760,Koraput,Satsimile,7.19,100,47,45,35,12,4,2,0.8,45,7,0,0.11,,,
761,Koraput,Similiguda1,7.05,220,107,79,80,10,13,12,2.2,98,21,0,0.13,,,
762,Koraput,Soguru,6.71,220,112,79,85,18,8,12,4.1,104,19,0,0.11,,,
763,Koraput,Subai,6.89,100,51,45,44,16,1,1,1.4,54,5,0,0.1,,,
764,Koraput,Sunki 1,6.95,310,153,134,148,38,10,5,4,181,7,0,0.22,,,
765,Koraput,Tanginiguda,7.14,130,60,50,55,6,9,6,1.1,67,5,0,0.13,,,
766,Koraput,Teraguda,6.99,120,53,50,50,8,7,3,1,61,5,0,0.13,,,
767,Koraput,Tikaguda,7.02,120,54,50,50,8,7,2,1.6,61,5,0,0.14,,,
768,Koraput,Umeri1,6.64,340,176,119,90,32,10,22,1.2,110,55,1,0.11,,,
769,Malkangiri,Balimela,7.22,780,388,327,351,58,45,33,1.1,428,21,19,0.94,,,
770,Malkangiri,Balimela Chowk,7.55,630,310,233,255,40,33,36,2.4,311,42,4,0.3,,,
771,Malkangiri,Bejaguda,7.56,340,171,129,157,28,15,20,0.4,192,10,3,0.24,,,
772,Malkangiri,Chitapari,7.6,410,210,158,199,40,14,22,4.9,243,7,3,0.25,,,
773,Malkangiri,Govindpali 1,7.89,1170,588,356,332,97,28,38,55,405,112,59,0.15,,,
774,Malkangiri,Katameta,7.79,780,367,302,233,65,34,28,5.4,284,93,2,0.3,,,
775,Malkangiri,Khairput1,7.73,770,362,287,158,75,24,35,2.5,193,107,24,0.26,,,
776,Malkangiri,Korukonda 1,7.87,1090,546,356,375,58,52,49,52.5,458,59,51,0.21,,,
777,Malkangiri,Kudumuluguma1,7.82,920,475,272,324,95,8,39,59.8,395,74,5,0.25,,,
778,Malkangiri,Kumbharguda,7.85,440,224,168,194,58,6,23,1.3,237,17,2,0.47,,,
779,Malkangiri,M.V 37,8.16,60,30,25,26,10,0,1,0.4,32,0,3,0.04,,,
780,Malkangiri,M.v.7,7.36,510,259,178,198,60,7,17,23.4,241,31,2,0.21,,,
781,Malkangiri,M.V.9,7.67,690,340,262,252,50,34,33,3.7,307,43,26,0.15,,,
782,Malkangiri,M.V1- 19,7.77,540,262,213,202,56,18,21,3.7,247,40,2,0.4,,,
783,Malkangiri,Maithili1,7.78,270,134,124,132,34,10,3,4.3,161,2,2,0.07,,,
784,Malkangiri,Malkangiri 1,7.43,1700,816,327,245,54,47,170,5.2,299,314,79,0.3,,,
785,Malkangiri,Mundiguda,7.7,930,439,332,214,75,35,44,2.8,261,126,28,0.19,,,
786,Malkangiri,Parkannala,7.81,940,467,302,264,63,35,29,51.5,322,81,50,0.16,,,
787,Malkangiri,Pongam,7.75,610,285,198,133,42,23,38,3.6,162,93,5,0.54,,,
788,Malkangiri,Sindhimal,7.86,540,270,208,179,65,11,26,2.2,218,36,23,0.29,,,
789,Malkangiri,Somnathpur 1,7.87,460,227,188,204,40,22,22,1.7,249,14,5,0.63,,,
790,Mayurbhanj,Amarda,7.72,440,267,99,100,30,6,38,19.8,122,69,25,0.14,,,
791,Mayurbhanj,Badasahi,7.46,385,200,54,38,14,5,56,4.6,46,79,44,0.1,,,
792,Mayurbhanj,Bagra,8.01,390,199,114,105,30,10,26,14.8,128,55,19,0.13,,,
793,Mayurbhanj,Baidipur,7.3,150,105,40,43,10,4,20,0.2,52,26,0,0.1,,,
794,Mayurbhanj,Bangriposi,7.95,480,273,218,162,48,24,20,2.1,197,65,20,0.26,,,
795,Mayurbhanj,Baripada,7.27,490,268,149,114,34,16,38,5,139,69,18,0.09,,,
796,Mayurbhanj,Bedhakudar,8.3,590,332,243,214,44,33,47,4.9,261,74,38,0.39,,,
797,Mayurbhanj,Belam,8.07,325,210,124,147,30,12,20,4.1,180,22,1,0.35,,,
798,Mayurbhanj,Betnati,7.84,510,267,94,95,24,9,67,4.9,116,98,34,0.14,,,
799,Mayurbhanj,Brundabanchandrapur,7.72,140,133,54,57,12,6,20,4,70,24,7,0.11,,,
800,Mayurbhanj,Budhamara,8.05,810,472,188,228,42,21,100,4.9,279,120,33,0.77,,,
801,Mayurbhanj,Chitrada,7.14,800,349,218,133,52,22,54,25,163,115,47,0.16,,,
802,Mayurbhanj,Deoli,7.73,260,154,89,86,20,10,20,5,105,45,1,0.11,,,
803,Mayurbhanj,Devsol,7.85,150,125,59,71,22,1,19,4.9,87,26,3,0.11,,,
804,Mayurbhanj,Dukura,7.51,330,189,94,67,22,10,34,4.1,81,67,10,0.09,,,
805,Mayurbhanj,Hatjori,7.82,280,150,89,57,28,5,20,4.1,70,50,13,0.14,,,
806,Mayurbhanj,Jamsola,7.7,220,124,59,43,24,0,20,3.7,52,43,8,0.16,,,
807,Mayurbhanj,Jharpokhria,8.04,440,290,163,86,48,11,20,4.9,105,93,7,0.11,,,
808,Mayurbhanj,Kalama,7.75,660,307,168,81,38,18,69,4.6,99,127,62,0.11,,,
809,Mayurbhanj,Khunta,7.87,246,125,89,90,18,11,18,2.6,110,22,2,0.11,,,
810,Mayurbhanj,Krishnachandrapur,7.44,165,134,54,57,10,7,20,5,70,33,0,0.11,,,
811,Mayurbhanj,Kuchei,7.86,440,213,134,105,46,5,20,18.8,128,60,24,0.12,,,
812,Mayurbhanj,Kuliana,7.52,210,133,69,57,22,4,20,5,70,48,0,0.11,,,
813,Mayurbhanj,Nechuapada,7.48,60,125,35,52,8,4,17,3.8,64,22,0,0.08,,,
814,Mayurbhanj,Pathuri,8.4,850,411,342,328,30,66,41,15.4,395,62,38,0.43,,,
815,Mayurbhanj,Pitabhata,7.74,105,98,50,57,14,4,18,2.7,70,24,1,0.17,,,
816,Mayurbhanj,Poradiha,7.5,60,127,30,48,6,4,18,2.4,58,17,1,0.11,,,
817,Mayurbhanj,Saraskona,8.24,870,413,297,200,56,39,56,12.8,244,115,52,0.27,,,
818,Mayurbhanj,Shamakhunta,8.25,440,242,203,157,46,22,20,3,192,57,15,0.23,,,
819,Mayurbhanj,Sullyapada,7.37,80,87,30,38,10,1,17,1.4,46,19,0,0.11,,,
820,Mayurbhanj,Udala,7.92,570,285,129,105,34,11,54,12.7,128,91,17,0.12,,,
821,Mayurbhanj,Kaptipada,8.1,300,174,124,109,30,12,20,2.9,134,24,20,0.24,,,
822,Mayurbhanj,Talia,7.92,460,242,158,124,36,17,20,19.6,151,60,20,0.15,,,
823,Mayurbhanj,Nuagaon,8.14,420,218,168,157,30,23,20,3.4,192,41,16,0.26,,,
824,Mayurbhanj,Rajabasa,8.33,400,247,178,185,56,10,20,5,226,38,7,0.26,,,
825,Mayurbhanj,Dantiamuhan,7.8,200,131,64,67,14,7,20,13.4,81,33,7,0.13,,,
826,Mayurbhanj,Manitri,8.1,340,186,119,128,38,6,19,5,157,33,4,0.24,,,
827,Mayurbhanj,Rasgovindapur-2,7.6,210,190,54,43,12,6,21,4.1,52,41,9,0.16,,,
828,Mayurbhanj,Itighar,7.79,430,215,186,153,39,22,3,14.4,187,36,9,0.19,,,
829,Mayurbhanj,Mananda,8.13,270,128,127,110,27,14,1,2.6,134,17,0,0.26,,,
830,Mayurbhanj,Tongabila Chhak,7.8,310,142,147,104,29,18,3,0.9,127,26,3,0.16,,,
831,Mayurbhanj,Singada Chhak,7.63,240,116,113,71,26,12,1,1,87,19,15,0.15,,,
832,Mayurbhanj,Begna,7.79,200,91,98,77,16,14,0,1,94,14,0,0.12,,,
833,Mayurbhanj,Bisoi,7.98,360,163,176,153,33,23,1,1,187,14,0,0.11,,,
834,Mayurbhanj,Karanjei-Bijatola Chhak,8.02,680,338,294,153,51,40,20,0.6,187,79,55,0.2,,,
835,Mayurbhanj,Ambadiha,8.26,300,145,147,126,20,24,1,0.6,154,19,5,0.13,,,
836,Mayurbhanj,Bademtolia,8.44,560,270,235,126,31,38,20,0.5,154,60,21,0.19,,,
837,Mayurbhanj,Champrai,8.3,290,152,108,82,27,10,14,4.2,100,41,7,0.09,,,
838,Mayurbhanj,Jamda,8.43,910,514,221,219,39,30,72,59.9,267,106,58,0.14,,,
839,Mayurbhanj,Bahalda Road(kona),8.06,560,300,230,170,24,41,20,4,207,55,54,0.54,,,
840,Mayurbhanj,Poilakunda,8.02,1320,677,510,208,77,77,67,0.1,254,260,71,0.59,,,
841,Mayurbhanj,Bahalda,7.45,580,277,260,159,29,46,12,0.2,194,50,45,0.31,,,
842,Mayurbhanj,Nischintapur,8.18,890,429,397,148,59,61,20,0.2,180,154,47,0.21,,,
843,Mayurbhanj,Tiring,8.26,730,374,225,170,45,27,63,0.5,207,65,72,0.91,,,
844,Mayurbhanj,Gambharia,8.09,800,433,216,137,39,29,84,0,167,127,72,0.16,,,
845,Mayurbhanj,Dandabose,8.06,440,225,127,137,31,12,41,0.3,167,53,6,0.67,,,
846,Mayurbhanj,Purunapani,8.19,270,135,113,82,26,12,3,8.5,100,34,3,0.12,,,
847,Mayurbhanj,Chadheibhol,8.01,640,346,157,126,41,13,74,0.9,154,120,21,0.09,,,
848,Mayurbhanj,Indupur,8.29,480,250,206,120,59,14,15,0.1,147,82,8,0.11,,,
849,Mayurbhanj,Khiching,8.51,340,170,162,93,35,18,2,0.2,114,26,9,0.17,,,
850,Mayurbhanj,Thianali,8.12,230,116,108,98,27,10,1,0.9,120,7,11,0.13,,,
851,Mayurbhanj,Matigarh,8.17,130,63,59,39,14,6,1,0.2,47,14,5,0.11,,,
852,Mayurbhanj,Padampur,8.03,430,184,211,186,22,38,1,0.1,227,10,2,0.42,,,
853,Mayurbhanj,Jamukeswar,8.3,280,126,137,93,12,26,0,0.1,114,29,3,0.13,,,
854,Mayurbhanj,Kherna,8.15,430,224,167,143,27,24,20,1.5,174,50,16,0.13,,,
855,Mayurbhanj,Naujara,8.18,250,124,118,104,43,3,1,0.1,127,14,1,0.23,,,
856,Mayurbhanj,Tato,7.98,90,41,39,33,6,6,1,0.1,40,7,1,0.11,,,
857,Mayurbhanj,Kendumundi,7.51,370,180,181,82,39,20,1,0.1,100,70,1,0.15,,,
858,Mayurbhanj,Asanbani,7.75,260,135,127,110,29,13,1,0.1,134,12,14,0.13,,,
859,Mayurbhanj,Kendujani,7.98,250,116,118,88,29,11,1,0.1,107,19,3,0.21,,,
860,Mayurbhanj,Thakurmunda,8.16,420,187,201,164,39,25,2,0.1,200,22,1,0.27,,,
861,Mayurbhanj,Chandanpur,8.24,160,78,74,55,22,5,1,0.1,67,14,3,0.18,,,
862,Mayurbhanj,Taramara,8.08,560,275,245,202,22,46,6,15,247,43,22,0.36,,,
863,Mayurbhanj,Satkosia,8.46,330,152,152,98,31,18,1,4.8,120,19,1,0.48,,,
864,Mayurbhanj,Nada,8.53,580,295,196,153,45,20,42,0.6,187,38,3,0.36,,,
865,Nabarangpur,Anchalguma1,7.96,1040,501,347,306,71,41,38,41.8,373,121,5,0.34,,,
866,Nabarangpur,Baheda,7.88,1300,645,416,469,81,52,82,28,572,114,7,0.42,,,
867,Nabarangpur,Baksaguda,7.95,470,232,129,158,26,16,32,14.8,193,43,5,0.26,,,
868,Nabarangpur,Bhaskel-dam sit,7.63,630,307,233,203,52,25,23,12.2,248,52,21,0.35,,,
869,Nabarangpur,Dadia-Majhiguda,7.81,420,204,218,219,32,34,2,0.6,267,0,5,0.13,,,
870,Nabarangpur,Daibata,7.72,200,96,79,82,16,10,9,1.1,100,7,4,0.08,,,
871,Nabarangpur,Debugaon,7.51,340,172,124,131,32,11,9,16.3,160,14,11,0.17,,,
872,Nabarangpur,Dengaguda,7.61,630,294,252,204,40,37,17,3.8,249,69,5,0.2,,,
873,Nabarangpur,Digi,7.8,900,451,243,279,65,19,38,66.6,340,90,6,0.28,,,
874,Nabarangpur,Dondasora,7.88,350,171,144,87,30,17,8,1.2,106,10,53,0.34,,,
875,Nabarangpur,Fupugaon,7.56,360,179,119,121,36,7,18,9.3,148,31,5,0.27,,,
876,Nabarangpur,Jharigan,7.62,900,458,297,331,77,25,34,48.4,404,64,11,0.39,,,
877,Nabarangpur,Karchamal,8,500,239,272,245,44,40,1,1.1,299,2,4,0.17,,,
878,Nabarangpur,Kodinga,8.19,190,92,59,66,10,8,14,0.5,81,17,3,0.07,,,
879,Nabarangpur,Kosagumuda,7.83,520,246,124,91,36,8,41,9.8,111,93,4,0.06,,,
880,Nabarangpur,Kosagumunda,7.57,430,211,223,209,48,25,4,2.5,255,2,4,0.14,,,
881,Nabarangpur,Kurlaghati,7.66,370,188,134,162,40,9,17,9.1,198,12,4,0.36,,,
882,Nabarangpur,Maidalpur1,7.84,870,446,287,351,81,20,44,34,428,50,7,0.29,,,
883,Nabarangpur,Nandahandi,8.16,610,318,173,264,34,22,21,60.1,322,19,4,0.26,,,
884,Nabarangpur,Nowrangpur 1,8.2,470,220,124,106,22,17,38,2.7,129,74,3,0.09,,,
885,Nabarangpur,Papadahandi1,7.75,840,421,277,270,71,24,48,29.6,329,62,25,0.4,,,
886,Nabarangpur,Rangamatiguda,7.76,860,393,337,179,77,35,27,2.6,218,140,4,0.14,,,
887,Nabarangpur,Sagarmunda,7.9,320,161,134,152,26,17,15,1.1,186,7,3,0.3,,,
888,Nabarangpur,Sonamasigan,7.89,440,209,223,199,40,30,4,0.8,243,12,3,0.14,,,
889,Nabarangpur,Tentulikunti 1,7.79,440,215,168,152,44,14,15,7.5,185,40,4,0.17,,,
890,Nabarangpur,Udaipur,7.74,730,378,208,250,60,14,22,62.9,305,55,14,0.33,,,
891,Nabarangpur,Umarkote,7.76,880,429,252,234,71,18,69,4.2,285,112,15,0.64,,,
892,Nayagarh,Adakata,7.12,500,246,172,109,32,23,34,1.8,133,76,14,0.27,,,
893,Nayagarh,Anandapalli,7.85,1240,670,345,371,63,46,132,11.7,453,162,34,0.83,,,
894,Nayagarh,Badapandeswar,7.9,910,498,222,193,59,18,59,77.2,236,121,49,0.18,,,
895,Nayagarh,Benagadia,8.23,1490,855,172,495,55,9,96,232.1,604,116,50,0.37,,,
896,Nayagarh,Bherupada,7.9,1580,785,438,252,47,79,118,40.7,308,266,84,0.07,,,
897,Nayagarh,Darpanarayanpur,7.86,230,109,64,30,14,7,17,3.5,36,45,6,0.1,,,
898,Nayagarh,Daspalla,7.64,480,245,138,99,26,18,41,6.9,121,69,25,0.14,,,
899,Nayagarh,Daspalla-i,7.82,1000,504,246,371,49,30,110,2.1,453,71,20,0.36,,,
900,Nayagarh,Dhipisahi(Ghanasalia),7.78,360,172,143,104,30,17,15,1.1,127,36,10,0.4,,,
901,Nayagarh,Gania,7.7,360,174,148,99,32,17,11,4.2,121,40,11,0.32,,,
902,Nayagarh,Ghasadeipur,7.73,490,251,187,144,39,22,24,6.9,175,55,19,0.17,,,
903,Nayagarh,Gholahandi,7.79,260,123,99,104,20,12,14,0.6,127,14,1,0.33,,,
904,Nayagarh,Jhada gadia,7.89,650,321,212,218,53,19,50,1.1,266,55,12,1,,,
905,Nayagarh,Jogibandh,8.15,1170,561,497,431,99,62,32,6.7,525,88,17,0.87,,,
906,Nayagarh,Kalyanpur,8.24,1890,965,428,653,73,61,223,4.8,797,185,27,1.8,,,
907,Nayagarh,Kanasingi(Rajkiari),7.93,1490,782,438,416,71,64,109,47.6,507,192,50,0.55,,,
908,Nayagarh,Kantilo,8.04,380,180,148,129,30,18,15,4.1,157,19,17,0.32,,,
909,Nayagarh,Khandapada,7.94,150,82,54,54,12,6,9,3,66,19,1,0.12,,,
910,Nayagarh,Kishore Pra,7.83,1650,856,591,267,181,34,101,5.3,326,309,66,0.35,,,
911,Nayagarh,Koilama,8.12,320,150,113,94,20,16,17,1,115,33,7,0.56,,,
912,Nayagarh,Kumdharpara,8.02,1350,695,251,371,45,34,164,36.9,453,143,50,0.63,,,
913,Nayagarh,Madhyakha,8.23,820,409,251,342,37,39,70,0.3,417,40,18,1.2,,,
914,Nayagarh,Mahipur,7.94,590,299,197,223,53,16,32,14.3,272,43,8,0.29,,,
915,Nayagarh,Majuniapali (Itamati),7.97,570,290,177,178,39,19,44,3.9,217,67,11,0.39,,,
916,Nayagarh,"Nuabausabati(upar
Bausabati)",7.94,1050,523,409,178,61,63,51,3.7,217,183,55,0.42,,,
917,Nayagarh,Nuagaon 1,8.47,1450,744,138,599,35,12,251,2,670,67,19,3.1,,,
918,Nayagarh,Odagaon,7.67,650,308,231,134,35,35,37,5.1,163,97,19,0.26,,,
919,Nayagarh,Purusottampur,7.92,1190,590,310,337,43,50,104,22.7,411,102,67,0.31,,,
920,Nayagarh,Ranpur,8.06,610,286,231,208,37,34,23,1.1,254,57,10,0.5,,,
921,Nayagarh,Ranpur 1,7.98,620,311,227,178,63,17,29,15.8,217,64,17,0.3,,,
922,Nayagarh,sampada,8,300,148,123,89,28,13,11,2.9,109,36,3,0.23,,,
923,Nayagarh,Sanagada,7.84,410,200,148,104,26,21,21,2.7,127,52,15,0.21,,,
924,Nayagarh,Sarankul,8.17,1040,504,350,366,53,53,52,8.5,447,83,35,0.37,,,
925,Nayagarh,Subalaya,8.09,350,177,128,134,37,9,16,5.2,163,24,6,0.25,,,
926,Nayagarh,Durgaprasad,7.87,1500,808,510,157,87,72,100,3.5,192,366,80,1.48,,,
927,Nayagarh,Kuanria,7.93,1530,746,495,162,81,72,100,3.2,197,373,86,1.61,,,
928,Nayagarh,Kuluru Kumpa,8.17,750,415,267,195,59,29,38,5,238,84,20,0.31,,,
929,Nayagarh,Rangamatia,7.95,1510,752,510,162,95,67,100,2.4,197,364,84,1.28,,,
930,Nayagarh,Takara,8.19,750,344,282,200,42,44,38,5,244,86,27,0.57,,,
931,Nuapada,Bada-Mahes,7.93,470,263,163,134,55,6,26,10.7,160,67,20,0.52,,,
932,Nuapada,Bargaon-k,8.3,370,197,168,144,61,4,3,5.3,173,25,14,0.29,,,
933,Nuapada,Bhajipala,8.18,550,278,204,216,31,30,31,5.5,259,25,29,1.4,,,
934,Nuapada,Darlimunda,8.18,430,227,153,129,27,21,22,9.4,154,47,25,0.73,,,
935,Nuapada,Deobahal,8,520,277,250,165,67,19,3,5.3,197,40,46,0.24,,,
936,Nuapada,Dharambandha,8.3,1210,656,224,350,43,28,173,3.9,419,186,17,0.19,,,
937,Nuapada,Ghantiguda,8.1,1060,623,87,376,27,5,148,93.5,450,94,35,0.2,,,
938,Nuapada,Godphula,8.1,520,276,194,160,37,24,25,8.8,191,65,22,0.65,,,
939,Nuapada,Gotama,8.3,570,321,173,180,39,18,50,3,216,20,86,0.46,,,
940,Nuapada,Junen,8.12,1630,925,362,644,88,34,126,139,770,119,42,0.22,,,
941,Nuapada,Kalyanpr,8,760,412,219,160,45,26,71,2.8,191,151,22,0.42,,,
942,Nuapada,Khariar,8.3,680,363,224,180,47,26,52,1,216,45,87,0.23,,,
943,Nuapada,Komna,7.9,3740,1872,1546,386,39,345,92,118.1,462,985,67,0.25,,,
944,Nuapada,Kurumpuri,8.1,1310,769,367,278,43,62,69,110.4,333,261,60,0.19,,,
945,Nuapada,Loharpalli,8.3,2410,1265,526,402,41,101,312,3,481,501,71,1.03,,,
946,Nuapada,Loharpalli,8.2,880,439,398,237,39,72,19,2.2,283,151,17,0.32,,,
947,Nuapada,Nawapara,8.24,390,201,153,129,31,18,18,2.2,154,12,44,0.43,,,
948,Nuapada,Padmapur,8.2,610,308,214,211,41,27,40,0.6,253,69,6,0.36,,,
949,Nuapada,Patparpalli,8.3,340,167,122,129,37,7,18,3.3,154,20,6,0.39,,,
950,Nuapada,Potara,8.3,830,475,143,288,41,10,90,54.5,345,20,90,0.41,,,
951,Nuapada,Ranipur,8,1210,624,296,469,22,57,141,3.3,561,87,38,0.52,,,
952,Nuapada,Rishigaon,8.14,1310,745,219,484,35,32,118,139,579,104,33,0.48,,,
953,Nuapada,Sahipala,8.3,1390,739,255,515,59,26,198,5.2,616,149,0,0.08,,,
954,Nuapada,Sanmaheswar,8.3,570,284,250,216,35,39,16,1.6,259,17,49,0.92,,,
955,Nuapada,Sirthol,8.21,880,546,270,149,51,34,76,3.1,179,111,138,0.21,,,
956,Nuapada,Somarsingh,8.3,1030,551,403,299,94,40,48,7.2,357,166,21,0.07,,,
957,Nuapada,Tarbod,8.2,530,303,158,113,53,6,30,33.5,136,99,15,0.54,,,
958,Puri,Krupasindurapatna,7.95,2600,1087,371,312,73,46,221,111.7,381,388,60,0.3,,,
959,Puri,Police Lane,7.85,900,403,248,226,48,32,57,10.3,275,77,45,0.2,,,
960,Puri,Chhapanachhak,7.75,840,363,198,182,14,40,61,15.5,223,108,15,0.17,,,
961,Puri,Gaudabadasahi,7.8,950,455,292,250,36,50,66,12,305,101,40,0.15,,,
962,Puri,Sadarblock,7.84,1050,495,317,283,65,38,65,17.9,346,103,36,0.1,,,
963,Puri,ITI Chhak,7.91,1200,533,317,254,79,29,72,25.1,310,124,52,0.09,,,
964,Puri,Shree Vihar,7.88,230,129,99,96,18,13,15,1.7,117,17,6,0.16,,,
965,Puri,Haragouri Sahi,7.5,550,289,183,154,36,23,41,11.6,187,67,19,0.07,,,
966,Puri,Balagandi,7.88,900,384,213,197,57,17,66,6,240,84,35,0.06,,,
967,Puri,GobardhanMatha,7.86,400,200,144,134,38,12,18,7,164,24,21,0.04,,,
968,Puri,Sorbodaya Nagar,8.06,1100,503,243,216,53,27,87,20.6,264,136,50,0.07,,,
969,Puri,SidhaMahavir,8.02,1150,519,327,307,85,28,74,14.2,375,101,33,0.07,,,
970,Puri,Kumbharapada,7.97,1500,741,351,274,79,38,154,15.2,334,225,66,0.04,,,
971,Puri,Gosala,8.15,1250,505,327,322,26,64,76,18.3,392,110,19,0.08,,,
972,Puri,Grand Road,7.98,1400,580,292,283,63,33,94,47.3,346,163,10,0.04,,,
973,Puri,Balighat,8.08,1300,547,228,235,34,35,93,61.3,287,151,32,0.06,,,
974,Puri,Mandap Sahi,7.98,900,419,198,134,40,24,65,38.3,164,129,43,0.04,,,
975,Puri,Jagannath Temple,7.95,1400,562,312,317,79,28,82,42.7,386,112,29,0.03,,,
976,Puri,Balipur,8.12,1200,534,267,278,61,28,88,34.2,340,103,52,0.06,,,
977,Puri,Beherasahi,7.91,1100,486,297,293,73,28,66,29.9,357,93,21,0.04,,,
978,Puri,Ramchandisahi,7.99,950,395,233,226,65,17,49,23.6,275,67,38,0.04,,,
979,Puri,Algum,7.88,1200,647,153,333,32,19,112,106,407,141,37,0.1,,,
980,Puri,Alipada,7.58,2175,1181,367,323,87,39,245,102,395,304,210,0.12,,,
981,Puri,Baleswarpatna,7.52,590,306,181,109,54,12,38,4,134,55,77,0.15,,,
982,Puri,Balighai,7.26,300,164,126,124,43,5,10,5,152,26,1,0.23,,,
983,Puri,Baliguari,7.35,630,320,177,169,54,11,38,28.5,206,48,40,0.12,,,
984,Puri,Bisimatri,7.33,492,237,158,179,58,4,22,8,219,29,9,0.1,,,
985,Puri,Brahmagiri,7.37,500,233,140,104,39,11,29,3,127,77,11,0.14,,,
986,Puri,Budhiabar,7.56,850,443,177,164,43,18,85,12,200,124,63,0.09,,,
987,Puri,Chandanpur,7.47,350,201,135,159,41,9,19,9,194,24,4,0.12,,,
988,Puri,Charichhak,7.4,220,110,65,85,24,1,16,2,103,17,0,0.16,,,
989,Puri,Chhanijanga,7.82,790,460,121,269,45,2,41,132,328,41,38,0.1,,,
990,Puri,Dandamukundapur,7.85,1750,867,335,473,76,38,95,138,577,182,56,0.18,,,
991,Puri,Delang,7.81,1130,550,265,269,63,28,72,57.3,328,120,49,0.19,,,
992,Puri,Dhauli,7.83,290,155,112,100,33,7,20,1.3,121,29,5,0.19,,,
993,Puri,Garapada,7.67,1430,759,377,498,47,68,120,39,608,110,34,0.22,,,
994,Puri,Girala,8.2,1090,613,332,288,72,36,63,59.1,345,186,28,0.16,,,
995,Puri,Gokhara,7.78,250,133,71,67,22,4,20,7.3,80,38,3,0.14,,,
996,Puri,Gop-1,8.03,750,413,230,258,57,21,63,6.1,308,88,27,0.26,,,
997,Puri,Haripur,7.25,160,90,26,21,8,1,25,0.7,25,40,4,0.06,,,
998,Puri,Harirajpur,8.11,820,393,311,386,45,47,42,8.3,462,24,0,0.21,,,
999,Puri,Jagannathpur,7.9,360,200,107,129,22,12,26,14.1,154,33,17,0.18,,,
1000,Puri,Jogeswarpur,7.75,340,196,82,134,12,12,21,35.2,160,29,9,0.05,,,
1001,Puri,Juinti,8.3,1120,650,179,350,37,21,69,180.3,419,98,40,0.02,,,
1002,Puri,Kakatpur II,8.3,1880,1100,327,443,84,28,183,165.5,530,290,90,0.11,,,
1003,Puri,Kanas,7.97,230,124,92,103,33,2,5,8.5,123,10,5,0.06,,,
1004,Puri,Konark   I,8.16,570,296,189,196,57,11,23,34,234,50,6,0.18,,,
1005,Puri,Kumareswar,8.08,380,213,77,144,20,6,49,6.7,173,38,9,0.17,,,
1006,Puri,Mahapur,8.14,480,221,189,180,31,27,19,6.2,216,29,3,0.33,,,
1007,Puri,Maunimathha,8.11,370,198,102,124,39,1,26,20.5,148,24,15,0.22,,,
1008,Puri,Nimapara(Patapur),7.94,390,207,122,129,33,10,27,6.9,154,43,12,0.13,,,
1009,Puri,Pipili,8.3,1720,948,362,479,63,49,183,77,573,235,60,0.16,,,
1010,Puri,Pratapramchandrapur,8.14,440,238,153,139,37,15,20,14.3,166,55,15,0.06,,,
1011,Puri,Ramchandi,8.16,660,366,194,196,49,17,56,8.4,234,86,35,0.14,,,
1012,Puri,Rebananuagaon,8.13,1670,926,260,319,51,32,215,81.8,382,224,135,0.08,,,
1013,Puri,Rendagada,8.1,880,495,214,263,29,34,82,35.3,314,119,42,0.46,,,
1014,Puri,Sadanadapur,8.17,1940,1084,291,474,16,60,285,45.9,567,257,142,0.25,,,
1015,Puri,Sakhigopal,8.18,1750,1036,245,412,20,46,274,30,493,264,160,0.34,,,
1016,Puri,Sakhigopal,8.12,490,250,173,118,35,21,29,6.1,142,55,35,0.13,,,
1017,Puri,Tikarapara-I,8.02,1290,657,444,314,27,90,92,3,376,109,152,0.33,,,
1018,Puri,Malatipatapur,8.25,1980,1176,342,556,53,50,197,171.8,665,343,35,0.16,,,
1019,Puri,Uansdiha,8.18,710,391,235,299,78,10,39,24.6,357,55,10,0.35,,,
1020,Rayagada,Akhusingi,7.88,1220,570,383,292,33,73,97,3.5,356,154,35,0.38,,,
1021,Rayagada,Ambadola,7.59,160,80,48,54,16,2,6,8,66,15,0,0.18,,,
1022,Rayagada,Bangi Chowk,7.18,420,211,143,183,31,16,33,0.8,223,20,1,0.3,,,
1023,Rayagada,Chakunda,7.11,430,221,125,188,35,9,41,0.9,229,22,1,0.39,,,
1024,Rayagada,Dambasara,7.52,1270,656,229,386,49,26,106,86.7,471,127,31,0.28,,,
1025,Rayagada,Gorakhpur,7.81,130,61,58,54,10,8,2,0.4,66,7,1,0.15,,,
1026,Rayagada,Gumda,7.33,960,486,216,272,65,13,45,89.8,332,108,1,0.28,,,
1027,Rayagada,Gumma,7.22,450,223,171,193,47,13,20,2.7,235,24,1,0.32,,,
1028,Rayagada,Gunupur1,7.11,290,144,102,109,26,9,18,1.2,133,24,0,0.29,,,
1029,Rayagada,Kaliapada,7.07,170,82,54,59,10,7,12,1.1,72,15,0,0.5,,,
1030,Rayagada,Kashipur,6.87,980,455,307,193,75,29,57,5.1,235,171,2,0.18,,,
1031,Rayagada,Kenduguda,7.01,1240,595,316,272,67,36,102,1.2,332,203,23,0.37,,,
1032,Rayagada,Kodapadu,7.3,240,119,74,79,20,6,16,1.7,96,27,0,0.32,,,
1033,Rayagada,Minajhola,7.04,320,160,113,144,27,11,21,1.4,176,12,1,0.21,,,
1034,Rayagada,Mukundpur,6.98,300,145,105,109,29,8,16,1.9,133,24,1,0.17,,,
1035,Rayagada,Narainpur,7.03,200,99,69,84,16,7,9,3.4,102,12,1,0.15,,,
1036,Rayagada,Nua Dakasikula,7.37,650,342,136,302,20,21,91,2,368,24,3,0.54,,,
1037,Rayagada,Padampur2,7.39,580,292,132,193,20,20,52,22.1,235,59,3,0.3,,,
1038,Rayagada,Ramnaguda2,7.57,650,323,216,243,63,14,41,0.4,296,56,2,0.3,,,
1039,Rayagada,Shirikona,7.52,650,321,260,277,59,27,31,3.1,338,32,3,0.29,,,
1040,Rayagada,Tandikana,7.77,310,151,126,134,29,13,16,0.4,163,12,1,0.25,,,
1041,Rayagada,Therabali,7.71,450,226,118,183,20,17,46,7.8,223,24,2,0.49,,,
1042,Sambalpur,Babubandha,7.87,350,183,114,134,28,11,12,20.3,164,22,10,0.33,,,
1043,Sambalpur,Baduapali,8.12,520,236,168,187,30,23,25,2.2,228,24,20,0.59,,,
1044,Sambalpur,Baijamunda,7.88,1550,783,505,341,57,89,105,1.9,416,256,71,1.1,,,
1045,Sambalpur,Baragoan,8.34,570,257,233,216,67,16,11,7.7,217,19,6,0.43,,,
1046,Sambalpur,Batemura,8.38,800,352,337,312,50,52,16,8.5,334,34,4,0.48,,,
1047,Sambalpur,Bausenmura,8.38,1680,874,599,336,170,43,81,53.3,369,251,76,0.3,,,
1048,Sambalpur,Chhachanpali,8.31,520,257,178,192,44,17,29,1.4,217,36,14,0.34,,,
1049,Sambalpur,Chiplima,8.21,270,135,109,91,34,6,9,2.9,111,19,10,0.2,,,
1050,Sambalpur,Christianpara,8.18,540,276,193,206,50,17,24,13.5,252,31,17,1.3,,,
1051,Sambalpur,Deogaon,7.28,380,171,153,125,34,17,11,1.8,152,26,7,0.29,,,
1052,Sambalpur,Dhama,8.08,520,271,158,101,36,17,40,7.8,123,48,63,0.86,,,
1053,Sambalpur,Dhanakauda,7.36,620,307,223,125,30,36,34,6.9,152,77,48,0.55,,,
1054,Sambalpur,Gainpura,8.23,860,435,337,254,71,39,25,28.6,310,79,40,0.33,,,
1055,Sambalpur,Golgunda,8.18,260,123,94,96,18,12,15,1.3,117,17,3,0.49,,,
1056,Sambalpur,Gosala,8.12,1310,654,450,274,95,52,63,25.7,334,175,79,0.36,,,
1057,Sambalpur,Goudpalli,8.27,650,311,223,168,55,21,39,3.9,205,79,12,0.36,,,
1058,Sambalpur,Gunchamal,8.09,690,338,218,264,30,35,42,10.2,322,34,29,0.18,,,
1059,Sambalpur,Gunderpur,8.15,650,337,243,144,71,16,33,2,176,93,36,0.43,,,
1060,Sambalpur,Gutanpada,8.2,930,423,337,379,28,66,42,2.7,463,48,9,0.68,,,
1061,Sambalpur,Hirakud,8.29,580,286,223,197,42,29,31,0.6,240,41,25,0.26,,,
1062,Sambalpur,Hotapala,8.48,930,442,198,432,16,39,105,0.7,468,22,0,1.4,,,
1063,Sambalpur,Jamadarpali,8.35,530,249,208,226,42,26,17,2.1,223,14,13,0.82,,,
1064,Sambalpur,Jugipali,8.19,570,272,213,115,36,30,17,2.7,141,86,31,1,,,
1065,Sambalpur,Jhankarbahli,8.2,850,416,228,307,28,39,92,1.3,375,43,29,1.2,,,
1066,Sambalpur,Khunti,7.54,490,240,203,163,42,24,15,2.7,199,48,11,0.28,,,
1067,Sambalpur,Larasara,8.12,840,411,327,317,95,22,31,5.6,386,65,4,0.26,,,
1068,Sambalpur,Maltisubanpur,8.21,920,455,356,283,75,41,31,27.6,346,74,36,0.24,,,
1069,Sambalpur,Pitapali,8.09,360,189,124,130,40,6,21,5.5,158,22,18,0.13,,,
1070,Sambalpur,Remerha,8.12,530,264,188,182,48,17,27,3.5,223,38,21,0.44,,,
1071,Sambalpur,Rupapali,8.09,640,318,218,149,51,22,44,3.1,182,101,9,0.65,,,
1072,Sambalpur,Sahaspur,7.94,3310,1553,1262,269,253,154,140,2,328,754,89,0.25,,,
1073,Sambalpur,Sambalpur,8.42,860,438,312,269,93,19,33,35.4,269,62,35,0.22,,,
1074,Sambalpur,Amlipani,7.96,300,133,112,119,28,10,10,1.6,146,7,4,0.53,,,
1075,Sambalpur,Badarama,7.97,660,334,237,189,54,25,35,11.3,231,60,34,0.43,,,
1076,Sambalpur,Badsahir,7.71,1870,871,670,289,91,108,86,9.7,352,318,79,0.49,,,
1077,Sambalpur,Bampei,7.88,460,200,177,124,37,20,11,0.9,152,29,26,0.31,,,
1078,Sambalpur,Bamra,7.78,1440,712,474,214,154,22,89,5.7,261,220,93,0.27,,,
1079,Sambalpur,Barodungri(Orampara),8,690,314,246,154,43,34,28,2.7,188,69,42,0.46,,,
1080,Sambalpur,Bhabanipali,7.8,880,392,339,299,54,50,25,1.8,364,29,50,0.91,,,
1081,Sambalpur,Bhaluchuan,8.13,920,420,242,388,20,47,79,9.7,473,19,10,1.8,,,
1082,Sambalpur,Bhoipali,8.26,890,437,205,358,24,35,98,1.8,437,31,31,1.7,,,
1083,Sambalpur,Boxma,8.04,780,382,233,184,61,19,58,5.6,225,81,45,0.49,,,
1084,Sambalpur,Chandrapura,8.06,910,416,335,229,54,49,39,2.3,279,98,34,0.31,,,
1085,Sambalpur,Charmal,8.04,460,204,181,184,48,15,13,1.8,225,12,3,0.56,,,
1086,Sambalpur,Daincha,7.76,640,296,274,179,56,33,10,1.4,219,72,15,0.25,,,
1087,Sambalpur,Dandeipalli,7.9,300,131,102,100,22,11,10,4.4,121,12,11,0.45,,,
1088,Sambalpur,Gargarbahal,8.02,400,181,130,154,45,5,14,4.5,188,17,3,0.29,,,
1089,Sambalpur,Gorupali,7.94,720,336,270,289,22,52,31,5.2,352,38,11,0.27,,,
1090,Sambalpur,Hathibari,8.16,620,302,167,204,37,18,56,2.6,249,38,28,0.83,,,
1091,Sambalpur,Jamankira 1,7.98,380,194,107,95,24,11,36,2.3,115,43,21,0.74,,,
1092,Sambalpur,Jayantpur,8.03,665,305,246,164,45,33,26,0.9,200,72,29,0.58,,,
1093,Sambalpur,Jhargulanda,8.08,640,284,233,254,22,43,31,3.5,310,19,11,1.6,,,
1094,Sambalpur,Jujumura,8.05,820,397,302,204,69,32,36,3.9,249,74,57,0.71,,,
1095,Sambalpur,Kadalipali,8.04,750,346,284,299,28,52,30,5.2,364,36,13,0.37,,,
1096,Sambalpur,Katar kela,7.97,440,219,177,119,50,12,17,0.8,146,38,28,0.36,,,
1097,Sambalpur,Kesaibahal,7.86,510,244,177,109,28,26,26,3.6,134,69,24,0.29,,,
1098,Sambalpur,Koakud,7.98,290,143,121,124,47,1,9,1.4,152,7,3,0.42,,,
1099,Sambalpur,Kuagola,8.02,950,491,428,189,95,47,24,0.2,231,158,50,0.33,,,
1100,Sambalpur,Kuchinda,7.7,220,102,84,60,13,12,8,2.1,73,29,1,0.27,,,
1101,Sambalpur,Kusumi,7.85,1240,636,395,169,121,23,90,5.1,206,220,75,0.28,,,
1102,Sambalpur,Loiraguna,8.2,540,233,209,219,35,30,10,3.4,267,14,7,0.29,,,
1103,Sambalpur,Luhapank,8.27,720,370,158,209,33,18,86,2.5,255,77,28,0.25,,,
1104,Sambalpur,Majhipal,7.97,120,54,33,35,6,5,4,4.7,42,10,2,0.22,,,
1105,Sambalpur,Mochibahal,8.09,530,249,200,199,47,20,22,4.4,243,22,12,0.47,,,
1106,Sambalpur,Nagadihi Chawk,8.04,140,60,37,45,6,6,8,1.5,55,7,4,0.39,,,
1107,Sambalpur,Naktideol,7.76,1010,503,381,209,99,33,49,1.4,255,146,48,0.32,,,
1108,Sambalpur,Naxapali,8.05,1890,883,679,368,71,123,96,2.9,449,270,92,1,,,
1109,Sambalpur,Nildungri,8.39,700,340,195,308,30,30,51,10.9,328,22,9,0.88,,,
1110,Sambalpur,Padiabahal,8.08,1140,539,223,373,22,41,143,3.1,455,65,39,1.7,,,
1111,Sambalpur,Parmanpur,8.3,680,331,84,269,13,12,101,0.7,304,41,1,3.6,,,
1112,Sambalpur,Paruabhari,7.79,1190,542,321,179,76,32,90,6.2,219,179,50,1,,,
1113,Sambalpur,Rairakhol (rampu),8.11,740,350,302,189,52,42,22,0.9,231,79,38,0.6,,,
1114,Sambalpur,Rengali,8.16,650,331,116,259,22,15,91,1.2,316,43,3,1.3,,,
1115,Sambalpur,Sason 1,7.95,380,186,144,139,24,20,17,3.7,170,14,22,0.51,,,
1116,Sambalpur,Simlipal Chawk,7.92,150,79,42,40,6,7,8,9.3,49,19,5,0.26,,,
1117,Sambalpur,Subarnapali,7.63,550,262,140,114,41,9,49,1.4,140,53,39,0.51,,,
1118,Sambalpur,Taipali,8.16,470,229,186,194,39,22,17,2.9,237,17,15,0.38,,,
1119,Sambalpur,Telitiliamal,7.96,650,311,251,169,58,26,24,3.3,206,53,44,0.6,,,
1120,Sambalpur,Terebera,8.18,640,288,251,279,32,42,22,1.2,340,17,4,0.88,,,
1121,Sonepur,Ankhidadar,8.06,1230,675,198,139,67,8,169,31,169,232,86,2.5,,,
1122,Sonepur,Antarda,8.02,810,446,177,158,54,10,71,34,193,133,48,0.9,,,
1123,Sonepur,Arjunpur,7.28,870,446,198,254,48,19,80,26,310,118,3,0.68,,,
1124,Sonepur,Bagedia,7.36,1030,544,177,270,58,8,125,17,329,166,9,0.49,,,
1125,Sonepur,Baghahandi,7.72,1200,596,400,150,44,71,82,11,183,214,84,0.81,,,
1126,Sonepur,Barkarle,7.65,880,468,234,166,50,27,68,14,202,143,68,0.68,,,
1127,Sonepur,Bausuni,8.03,820,429,270,112,48,37,53,15,136,164,46,0.47,,,
1128,Sonepur,Bhimtikra,8.37,560,271,187,231,52,14,27,6,249,25,9,0.53,,,
1129,Sonepur,Binka,7.92,520,257,203,185,64,10,21,6,225,38,7,0.54,,,
1130,Sonepur,B. M. Pur,7.91,1100,615,343,108,131,4,77,17,132,264,57,0.48,,,
1131,Sonepur,Bishalapali,8.19,410,207,130,154,50,1,30,2,188,30,1,0.36,,,
1132,Sonepur,Borumunda,8.1,430,207,177,166,60,6,15,2,202,23,1,0.74,,,
1133,Sonepur,Chinajuri,8.12,640,328,125,200,25,15,76,3,244,68,21,0.55,,,
1134,Sonepur,Cherupali,8.26,520,269,151,162,50,6,39,3,197,50,24,0.66,,,
1135,Sonepur,Danipali,8.41,1140,605,229,412,67,15,125,30,432,81,41,0.65,,,
1136,Sonepur,Dhaurakhaman,8.02,470,230,187,142,44,19,18,4,174,38,23,0.79,,,
1137,Sonepur,Gajabandha,8.17,310,156,114,119,35,6,15,3,146,20,5,0.53,,,
1138,Sonepur,Gahmaripali,7.81,470,233,135,119,33,13,43,4,146,68,1,0.45,,,
1139,Sonepur,Gariamunda,7.71,1200,657,343,89,98,24,108,13,108,284,77,0.52,,,
1140,Sonepur,Ichchapur,8.26,800,424,151,131,37,14,105,12,160,123,54,0.53,,,
1141,Sonepur,Jatesingha,7.37,980,516,218,196,67,13,93,20,240,201,6,0.57,,,
1142,Sonepur,Karlajuri,7.92,1460,795,442,77,156,13,120,16,94,350,94,0.63,,,
1143,Sonepur,Kartanga,8.16,270,131,109,85,29,9,10,2,103,18,12,0.72,,,
1144,Sonepur,Khaliapali,7.94,1040,544,354,119,106,21,66,14,146,201,64,0.71,,,
1145,Sonepur,Koidamunda,8.09,480,251,177,100,64,4,25,4,122,48,46,0.62,,,
1146,Sonepur,Mahada,7.93,590,310,208,96,64,11,33,9,117,91,44,0.57,,,
1147,Sonepur,Mahadevpali,8.33,500,255,120,193,42,4,48,5,197,30,10,0.46,,,
1148,Sonepur,Metkani,7.52,3720,1769,1665,116,173,300,76,20,141,1065,67,1.5,,,
1149,Sonepur,Naikpada,8.34,500,257,151,135,42,11,34,3,141,55,31,0.63,,,
1150,Sonepur,Phulmuthi,7.68,1770,949,546,92,96,75,142,20,113,468,93,0.57,,,
1151,Sonepur,Rampur,8.41,490,243,172,181,50,11,21,4,188,30,18,0.52,,,
1152,Sonepur,S.ptarapali,8,810,420,265,119,52,33,55,13,146,126,70,0.47,,,
1153,Sonepur,Sakama,7.89,1010,523,343,100,69,42,64,17,122,201,71,0.74,,,
1154,Sonepur,Saledi,8.14,890,456,312,92,56,42,51,17,113,181,54,0.38,,,
1155,Sonepur,Samae aichuan,8.36,530,266,187,131,37,23,34,3,136,53,39,0.59,,,
1156,Sonepur,Sankara,8.4,360,183,120,131,35,8,18,5,132,23,16,0.82,,,
1157,Sonepur,Sangamura,8.24,430,230,140,108,48,5,31,3,132,58,21,0.55,,,
1158,Sonepur,Sarangapali,8.28,280,139,109,96,31,8,9,6,117,20,8,0.49,,,
1159,Sonepur,Sarasmal,7.36,470,236,134,190,40,8,35,4.9,232,19,14,0.47,,,
1160,Sonepur,Sindor,7.21,430,215,150,119,46,8,27,4.8,145,46,11,0.19,,,
1161,Sonepur,Sighijuba,7.15,250,122,86,79,23,7,10,2.6,97,28,3,0.33,,,
1162,Sonepur,Sonepur,7.12,880,444,245,280,54,27,71,1.2,342,74,48,0.62,,,
1163,Sonepur,Subaliya,7.53,560,262,230,245,42,30,13,0.5,299,14,13,0.65,,,
1164,Sonepur,Sukha,7.3,1080,564,322,230,65,38,94,4.9,281,151,72,0.42,,,
1165,Sonepur,Tebhapadar,7.05,1530,831,734,233,192,62,42,1.6,284,301,92,0.3,,,
1166,Sonepur,Ulunda,7.24,850,423,330,220,86,28,26,4.7,268,139,6,0.3,,,
1167,Sonepur,Nandanmal,7.48,1540,765,528,396,129,50,76,3.3,483,241,27,0.86,,,
1168,Sonepur,Dunguripali,7.59,470,235,158,185,40,14,29,4.1,226,26,9,0.62,,,
1169,Sonepur,Kotsamalai,7.52,370,179,149,160,48,7,9,1.9,195,10,7,0.31,,,
1170,Sonepur,Bagduli,8.23,860,450,204,350,29,32,91,20.5,419,40,31,0.71,,,
1171,Sonepur,Palspada,8,730,385,332,129,47,51,12,6.6,154,141,53,0.35,,,
1172,Sonepur,Sargaj,8.3,950,464,444,263,33,86,15,1.6,314,169,6,0.42,,,
1173,Sundargarh,Aleikera,7.73,810,417,307,255,73,30,44,1.9,311,89,25,0.26,,,
1174,Sundargarh,Badbahal,7.9,350,175,96,105,27,7,30,2,128,24,21,0.21,,,
1175,Sundargarh,Balijori,7.93,200,113,67,90,17,6,19,1.8,110,12,3,0.43,,,
1176,Sundargarh,Banki,7.52,800,379,283,220,12,62,44,3.1,268,89,37,0.18,,,
1177,Sundargarh,Bargad,7.8,160,82,43,20,8,6,15,1.8,24,28,11,0.09,,,
1178,Sundargarh,Bhasma,7.62,220,104,82,50,23,6,10,2.2,61,31,2,0.14,,,
1179,Sundargarh,Bihabandh,8.18,440,207,197,195,42,22,3,2.7,238,12,7,0.59,,,
1180,Sundargarh,Birangtoli,8.1,350,169,158,140,44,12,3,3.2,171,17,6,0.21,,,
1181,Sundargarh,Biramitrapur,7.55,1360,652,571,395,96,80,47,6.9,482,103,80,0.74,,,
1182,Sundargarh,Bandamunda,7.99,290,146,101,100,27,8,14,3,122,22,12,0.47,,,
1183,Sundargarh,Chandipos,8.09,440,219,154,140,36,15,22,2.7,171,45,13,0.19,,,
1184,Sundargarh,Deokaranpur,7.76,690,337,264,153,83,14,35,0.6,187,108,5,0.07,,,
1185,Sundargarh,Kundukela,7.67,530,278,202,30,58,14,25,7.6,36,152,3,0.04,,,
1186,Sundargarh,Durubaga,7.77,220,115,67,35,19,5,15,6.8,43,38,9,0.06,,,
1187,Sundargarh,Ekma,8.01,600,281,226,120,56,21,28,1.4,146,101,2,0.48,,,
1188,Sundargarh,Garjanbahal,8.03,260,132,72,70,17,7,17,5.2,85,31,12,0.19,,,
1189,Sundargarh,Karamdihi,7.91,560,252,220,235,40,29,27,0.7,296,12,1,0.4,,,
1190,Sundargarh,Katra,8.08,360,183,130,129,40,7,13,5.8,157,26,13,0.26,,,
1191,Sundargarh,Kuarmunda,7.95,1250,624,520,163,94,69,45,4.7,199,220,93,0.22,,,
1192,Sundargarh,Kumjharia,8.1,760,392,150,267,46,8,89,2,326,50,36,0.64,,,
1193,Sundargarh,Kutra,8.22,390,176,163,160,36,17,11,4.1,195,10,1,0.2,,,
1194,Sundargarh,Lathikata,8.12,720,364,269,139,61,28,25,2,169,131,33,0.15,,,
1195,Sundargarh,Ledimung,8.32,380,184,115,168,33,8,26,2.7,177,12,1,0.63,,,
1196,Sundargarh,Lefripada,8.24,410,192,170,158,40,17,15,2.1,193,21,1,0.3,,,
1197,Sundargarh,Lokdega,8.11,450,229,182,65,42,19,16,3.5,79,98,11,0.11,,,
1198,Sundargarh,Mahulpali,8.09,260,127,86,90,23,7,19,2.4,120,14,7,0.12,,,
1199,Sundargarh,Medinipur,8.05,340,172,106,75,35,5,27,1.6,92,53,6,0.11,,,
1200,Sundargarh,Masanikani,7.9,210,103,53,55,12,6,22,1.9,67,26,2,0.1,,,
1201,Sundargarh,Panchamahala,8.34,730,358,293,185,61,34,26,5.6,198,79,40,0.19,,,
1202,Sundargarh,Panderpali,7.96,170,88,53,40,15,3,13,2.3,49,26,3,0.14,,,
1203,Sundargarh,Putudihi,8.22,400,200,154,170,44,10,18,1,207,12,11,0.54,,,
1204,Sundargarh,Suruguda,8.21,390,198,154,150,40,13,9,9.9,183,19,17,0.18,,,
1205,Sundargarh,Rabandihi,8.25,270,125,100,99,27,8,14,1.4,130,14,1,1,,,
1206,Sundargarh,Rajgangpur,7.37,1500,781,576,185,138,56,68,4.4,226,345,58,0.21,,,
1207,Sundargarh,Rangiamunda,7.92,330,173,101,75,29,7,23,1.9,92,48,19,0.18,,,
1208,Sundargarh,Subdega,7.9,910,472,288,287,73,26,64,2.3,350,82,52,0.9,,,
1209,Sundargarh,Sargipali,8.33,550,273,155,220,52,6,40,5.4,231,36,1,0.29,,,
1210,Sundargarh,Sahajbahal,8.22,600,287,245,129,52,28,25,1.4,157,99,4,0.43,,,
1211,Sundargarh,Talsara,8.08,270,136,58,85,21,1,35,0.5,104,26,1,0.9,,,
1212,Sundargarh,R-01 Jalda C-Block,8.17,760,398,270,192,45,38,47,5.6,234,82,65,0.99,,,
1213,Sundargarh,"R-02 Jalda Rangila
Chhak",8.23,1080,573,270,263,39,42,119,8,321,127,81,0.76,,,
1214,Sundargarh,R-06 Basanti Colony,8.78,1610,874,250,449,41,36,252,1.7,414,199,76,2.06,,,
1215,Sundargarh,R-08 Udit Nagar-2,8.29,520,274,181,170,41,19,31,7.5,207,43,31,0.25,,,
1216,Sundargarh,R-09 Power House Road,8.07,570,292,216,159,47,24,29,4.1,194,53,40,0.22,,,
1217,Sundargarh,R-10 Raghunathpalli,8.46,580,318,201,148,59,13,39,1.9,120,84,32,0.19,,,
1218,Sundargarh,R-12 Gangadharpally,8,800,417,235,153,47,29,67,12.7,187,132,38,0.18,,,
1219,Sundargarh,R-13 Chhend,8.17,340,166,152,148,37,14,7,0.5,180,14,5,0.5,,,
1220,Sundargarh,R-14 Banposh (Urban),7.79,310,151,108,93,20,14,19,1.5,114,41,0,0.12,,,
1221,Sundargarh,"R-17
Jhumpudibasti(Nuabazar)",7.79,610,331,176,88,49,13,56,2.3,107,96,62,0.21,,,
1222,Sundargarh,R-18 Koel Nagar,8.42,400,204,157,119,37,16,18,2.7,47,26,34,0.19,,,
1223,Sundargarh,R-19 Jagada,8.25,700,354,181,110,29,26,74,5.4,134,137,17,0.16,,,
1224,Sundargarh,R-20 Jhirpani,7.18,680,349,172,197,22,28,71,10.5,240,94,5,0.16,,,
1225,Sundargarh,R-21 Sector-1,8.58,650,323,250,219,49,31,33,0.5,194,58,20,0.37,,,
1226,Sundargarh,R-22 Sector-2,8.44,420,225,123,118,43,4,34,6.5,107,46,17,0.21,,,
1227,Sundargarh,R-23 Sector-3,8.56,480,241,162,127,43,13,28,10,94,60,11,0.19,,,
1228,Sundargarh,R-24 Sector-5,8.24,250,130,103,60,24,10,9,1.1,73,22,28,0.15,,,
1229,Sundargarh,R-25 Ambagaon,7.93,650,362,162,148,33,19,64,16.6,180,99,42,0.15,,,
1230,Sundargarh,R-26 Sector-6,8.09,290,141,127,66,24,16,5,2.2,80,41,13,0.17,,,
1231,Sundargarh,R-27 Sector-7,8.26,270,138,113,98,29,10,9,1.9,120,24,5,0.27,,,
1232,Sundargarh,R-29 Sector-9,8.28,260,128,108,110,24,12,9,1.2,134,12,4,0.27,,,
1233,Sundargarh,R-30 Sector-13,8.11,190,100,78,55,26,3,6,2.9,67,22,7,0.18,,,
1234,Sundargarh,R-31 Sector-14,8.2,170,89,69,71,22,3,5,3.7,87,10,2,0.3,,,
1235,Sundargarh,R-32 Sector-20,8.27,330,168,113,93,31,9,21,4.8,114,31,16,0.18,,,
1236,Sundargarh,R-33 Sector 18,8.22,340,176,93,82,31,4,31,4.4,100,34,23,0.14,,,
1237,Sundargarh,R-34 Sector-17,7.9,240,118,93,49,18,12,8,4.5,60,41,5,0.14,,,
1238,Sundargarh,R-36 Sector-15,8.27,340,156,147,131,29,18,9,2.2,160,14,5,0.26,,,
1239,Sundargarh,R-37 Vedvyas,8.26,740,378,270,126,77,19,44,1.5,154,156,5,0.21,,,
1240,Sundargarh,R-38 Kalunga,8.24,340,173,152,77,51,6,6,2.4,94,53,9,0.23,,,